Workbook

Sheet PLANNING
A1: Semaine | B1: Matricule | C1: NOM | D1: PRENOM | E1: NOM COMPLET | F1: Date d'embauche | G1: Activité | H1: N de téléphone | I1: Ville | J1: POINT DE REPERE | K1: ZONES | L1: LUN. Entrée | M1: LUN. Sortie | N1: MAR. Entrée | O1: MAR. Sortie | P1: MER. Entrée | Q1: MER. Sortie | R1: JEU. Entrée | S1: JEU. Sortie | T1: VEN. Entrée | U1: VEN. Sortie | V1: SAM. Entrée | W1: SAM. Sortie | X1: DIM. Entrée | Y1: DIM. Sortie
A2: S28 | B2: 1278 | C2: LISSAOUI | D2: HIBA | E2: LISSAOUI HIBA | F2: 45895 | G2: Accessibilité | H2: 06 25 79 47 45 | I2: TEMARA | J2: LYCEE SCIENTIFIQUES | K2: ZONE 6 | L2: 08H | M2: 18H | N2: 08H | O2: 18H | P2: 08H | Q2: 18H | R2: 08H | S2: 18H | T2: 08H | U2: 17H | V2: OFF | W2: OFF | X2: OFF | Y2: OFF
A3: S28 | B3: 1265 | C3: RMAIDI | D3: IMAD | E3: RMAIDI IMAD | F3: 45895 | G3: Accessibilité | H3: 06 44 93 74 73 | I3: SALE | J3: MAROC TELECOM SALA AL JADIDA | K3: ZONE 5 | L3: 08H | M3: 18H | N3: 08H | O3: 18H | P3: 08H | Q3: 18H | R3: 08H | S3: 18H | T3: 08H | U3: 17H | V3: OFF | W3: OFF | X3: OFF | Y3: OFF
A4: S28 | B4: 1317 | C4: HAMDANI | D4: MOHAMED | E4: HAMDANI MOHAMED | F4: 45903 | G4: Accessibilité | H4: 06 34 11 13 97 | I4: SALE | J4: BAB CHAAFA SALE | K4: ZONE 4 | L4: 08H | M4: 18H | N4: 08H | O4: 18H | P4: 08H | Q4: 18H | R4: 08H | S4: 18H | T4: 08H | U4: 17H | V4: OFF | W4: OFF | X4: OFF | Y4: OFF
A5: S28 | B5: 355 | C5: OUBRAHIM | D5: MOHAMMED | E5: OUBRAHIM MOHAMMED | F5: 44228 | G5: Accessibilité | H5: 06 95 49 92 98 | I5: KENITRA | J5: Parking Hôtel Relax | K5: ZONE 7 | L5: 08H | M5: 17H | N5: 08H | O5: 17H | P5: 08H | Q5: 17H | R5: 08H | S5: 17H | T5: 08H | U5: 17H | V5: OFF | W5: OFF | X5: OFF | Y5: OFF
A6: S28 | C6: EL MACHICHI | D6: SOUKAINA | E6: EL MACHICHI SOUKAINA | F6: 46174 | G6: Administration | H6: 07 67 58 52 11 | I6: SALE | J6: MARJANE HAY KARIMA | K6: ZONE 3 | L6: 09H | M6: 18H | N6: 09H | O6: 18H | P6: 09H | Q6: 18H | R6: 09H | S6: 18H | T6: 09H | U6: 18H | V6: OFF | W6: OFF | X6: OFF | Y6: OFF
A7: S28 | B7: 164 | C7: HMIDOUCH | D7: FOUAD | E7: HMIDOUCH FOUAD | F7: 44891 | G7: AFEDIM | H7: 06 74 23 90 72 | I7: KENITRA | J7: MOSQUEE CHAABI | K7: ZONE 7 | L7: 08H | M7: 17H | N7: 08H | O7: 17H | P7: 08H | Q7: 17H | R7: 08H | S7: 17H | T7: 08H | U7: 17H | V7: OFF | W7: OFF | X7: OFF | Y7: OFF
A8: S28 | B8: 777 | C8: RADGUI | D8: SARA | E8: RADGUI SARA | F8: 44809 | G8: AFEDIM | H8: 06 81 14 84 05 | I8: SALE | J8: ROND POINT HALIMA ROUTE DE KENITRA | K8: ZONE 4 | L8: 08H | M8: 18H | N8: 08H | O8: 18H | P8: 08H | Q8: 18H | R8: 08H | S8: 18H | T8: 08H | U8: 17H | V8: OFF | W8: OFF | X8: OFF | Y8: OFF
A9: S28 | B9: 973 | C9: BOUMEZGANE | D9: SOUKAINA | E9: BOUMEZGANE SOUKAINA | F9: 45294 | G9: AFEDIM | H9: 06 96 58 34 55 | I9: SALE | J9: ROND POINT HALIMA ROUTE DE KENITRA | K9: ZONE 4 | L9: 08H | M9: 18H | N9: 08H | O9: 18H | P9: 08H | Q9: 18H | R9: 08H | S9: 18H | T9: 08H | U9: 17H | V9: OFF | W9: OFF | X9: OFF | Y9: OFF
A10: S28 | B10: 1066 | C10: AIT RABIAA | D10: NOUHAILA | E10: AIT RABIAA NOUHAILA | F10: 45680 | G10: CM Leasing | H10: 06 24 56 94 36 | I10: SALE | J10: MOSQUEE TADAMOUN KARIA | K10: ZONE 5 | L10: 08H | M10: 18H | N10: 08H | O10: 18H | P10: 08H | Q10: 18H | R10: 08H | S10: 18H | T10: 08H | U10: 17H | V10: OFF | W10: OFF | X10: OFF | Y10: OFF
A11: S28 | B11: 1004 | C11: EL MAHJOUBI | D11: ABDESSATAR | E11: EL MAHJOUBI ABDESSATAR | F11: 45565 | G11: CM Leasing | H11: 06 14 40 31 57 | I11: TEMARA | J11: CAFE FELICITA | K11: ZONE 6 | L11: 08H | M11: 18H | N11: 08H | O11: 18H | P11: 08H | Q11: 18H | R11: 08H | S11: 18H | T11: 08H | U11: 17H | V11: OFF | W11: OFF | X11: OFF | Y11: OFF
A12: S28 | B12: 948 | C12: IDELHAJ | D12: Meriem | E12: IDELHAJ Meriem | F12: 45425 | G12: CM Leasing | H12: 07 21 48 48 36 | I12: KENITRA | J12: BIR RAMI BANQUE POPULAIRE | K12: ZONE 7 | L12: 08H | M12: 18H | N12: 08H | O12: 18H | P12: 08H | Q12: 18H | R12: 08H | S12: 18H | T12: 08H | U12: 17H | V12: OFF | W12: OFF | X12: OFF | Y12: OFF
A13: S28 | B13: 1011 | C13: LEHMOUCH | D13: NOUHAILA | E13: LEHMOUCH NOUHAILA | F13: 45565 | G13: CM Leasing | H13: 06 84 55 52 36 | I13: KENITRA | J13: MOSQUEE SALAM | K13: ZONE 7 | L13: 08H | M13: 18H | N13: 08H | O13: 18H | P13: 08H | Q13: 18H | R13: 08H | S13: 18H | T13: 08H | U13: 17H | V13: OFF | W13: OFF | X13: OFF | Y13: OFF
A14: S28 | B14: 1068 | C14: NOUIBI | D14: CHAIMAE | E14: NOUIBI CHAIMAE | F14: 45680 | G14: CM Leasing | H14: 06 01 70 00 00 | I14: TEMARA | J14: LES ECOLES SCIENTIFIQUES | K14: ZONE 6 | L14: 08H | M14: 18H | N14: 08H | O14: 18H | P14: 08H | Q14: 18H | R14: 08H | S14: 18H | T14: 08H | U14: 17H | V14: OFF | W14: OFF | X14: OFF | Y14: OFF
A15: S28 | B15: 1151 | C15: ESSABERY | D15: ISMAIL | E15: ESSABERY ISMAIL | F15: 45805 | G15: CM Leasing | H15: 06 76 05 93 30 | I15: RABAT | J15: DHL AGDAL | K15: ZONE 2 | L15: 08H | M15: 18H | N15: 08H | O15: 18H | P15: 08H | Q15: 18H | R15: 08H | S15: 18H | T15: 08H | U15: 17H | V15: OFF | W15: OFF | X15: OFF | Y15: OFF
A16: S28 | B16: 1300 | C16: AKHSASS | D16: MAJDA | E16: AKHSASS MAJDA | F16: 45895 | G16: CM Leasing | H16: 06 30 28 86 25 | I16: SALE | J16: MARJANE SALE | K16: ZONE 3 | L16: 08H | M16: 18H | N16: 08H | O16: 18H | P16: 08H | Q16: 18H | R16: 08H | S16: 18H | T16: 08H | U16: 17H | V16: OFF | W16: OFF | X16: OFF | Y16: OFF
A17: S28 | B17: 1301 | C17: JALAL | D17: NABILA | E17: JALAL NABILA | F17: 45895 | G17: CM Leasing | H17: 06 21 69 99 53 | I17: RABAT | J17: LA GARE AGDAL AV HASSAN II | K17: ZONE 2 | L17: 08H | M17: 18H | N17: 08H | O17: 18H | P17: 08H | Q17: 18H | R17: 08H | S17: 18H | T17: 08H | U17: 17H | V17: OFF | W17: OFF | X17: OFF | Y17: OFF
A18: S28 | B18: 1283 | C18: LAKHAL | D18: MEHDI | E18: LAKHAL MEHDI | F18: 45895 | G18: CM Leasing | H18: 06 96 52 40 37 | I18: KENITRA | J18: MOSQUEE SALAM | K18: ZONE 7 | L18: 08H | M18: 18H | N18: 08H | O18: 18H | P18: 08H | Q18: 18H | R18: 08H | S18: 18H | T18: 08H | U18: 17H | V18: OFF | W18: OFF | X18: OFF | Y18: OFF
A19: S28 | B19: 1309 | C19: SAADA | D19: LINA | E19: SAADA LINA | F19: 45903 | G19: CM Leasing | H19: 06 84 21 92 71 | I19: SALE | J19: BOULANGERIE BREAD HOUSE PRÈS DU ROND‐POINT CARREFOUR SALÉ | K19: ZONE 4 | L19: 08H | M19: 18H | N19: 08H | O19: 18H | P19: 08H | Q19: 18H | R19: 08H | S19: 18H | T19: 08H | U19: 17H | V19: OFF | W19: OFF | X19: OFF | Y19: OFF
A20: S28 | C20: HMIDI | D20: KHADIJA | E20: HMIDI KHADIJA | F20: 46077 | G20: CM Leasing | H20: 07 79 40 60 55 | I20: SALE | J20: kwass kenitra | K20: ZONE 4 | L20: 08H | M20: 18H | N20: 08H | O20: 18H | P20: 08H | Q20: 18H | R20: 08H | S20: 18H | T20: 08H | U20: 17H | V20: OFF | W20: OFF | X20: OFF | Y20: OFF
A21: S28 | C21: ELOUAHHABY | D21: DOUAAE | E21: ELOUAHHABY DOUAAE | F21: 46077 | G21: CM Leasing | H21: 06 19 63 47 77 | I21: SALE | J21: REDAL SAID HAJJI | K21: ZONE 4 | L21: 08H | M21: 18H | N21: 08H | O21: 18H | P21: 08H | Q21: 18H | R21: 08H | S21: 18H | T21: 08H | U21: 17H | V21: OFF | W21: OFF | X21: OFF | Y21: OFF
A22: S28 | C22: KHAN | D22: NIZAMUDDIN | E22: KHAN NIZAMUDDIN | F22: 46104 | G22: COFIDIS Espagne | H22: 06 16 50 25 60 | I22: SALE | J22: BIM LAAYAYDA | K22: ZONE 3 | L22: 07H | M22: 17H | N22: 07H | O22: 17H | P22: 07H | Q22: 17H | R22: 07H | S22: 17H | T22: 07H | U22: 16H | V22: OFF | W22: OFF | X22: OFF | Y22: OFF
A23: S28 | C23: TAIK | D23: HAMDANE | E23: TAIK HAMDANE | F23: 46104 | G23: COFIDIS Espagne | H23: 06 59 95 43 09 | I23: SALE | J23: MARJANE HAY KARIMA SALE | K23: ZONE 4 | L23: 08H | M23: 18H | N23: 08H | O23: 18H | P23: 08H | Q23: 18H | R23: 08H | S23: 18H | T23: 08H | U23: 17H | V23: OFF | W23: OFF | X23: OFF | Y23: OFF
A24: S28 | C24: ZTAIT | D24: NAJLAE | E24: ZTAIT NAJLAE | F24: 46104 | G24: COFIDIS Espagne | H24: 06 61 94 14 20 | I24: SALE | J24: REDAL SAID HAJJI | K24: ZONE 4 | L24: 07H | M24: 17H | N24: 07H | O24: 17H | P24: 07H | Q24: 17H | R24: 07H | S24: 17H | T24: 07H | U24: 16H | V24: OFF | W24: OFF | X24: OFF | Y24: OFF
A25: S28 | C25: GAYER | D25: YASSER | E25: GAYER YASSER | F25: 46104 | G25: COFIDIS Espagne | H25: 06 22 79 25 76 | I25: RABAT | J25: RESIDENCE SAADA | K25: ZONE 1 | L25: 08H | M25: 18H | N25: 08H | O25: 18H | P25: 08H | Q25: 18H | R25: 08H | S25: 18H | T25: 08H | U25: 17H | V25: OFF | W25: OFF | X25: OFF | Y25: OFF
A26: S28 | C26: AGNABER | D26: HANAE | E26: AGNABER HANAE | F26: 46104 | G26: COFIDIS Espagne | H26: 06 08 48 94 02 | I26: TEMARA | J26: BOULENGERIE OUHOUD | K26: ZONE 6 | L26: 08H | M26: 18H | N26: 08H | O26: 18H | P26: 08H | Q26: 18H | R26: 08H | S26: 18H | T26: 08H | U26: 17H | V26: OFF | W26: OFF | X26: OFF | Y26: OFF
A27: S28 | C27: ZOUAKAT | D27: ABDEL ILLAH | E27: ZOUAKAT ABDEL ILLAH | F27: 46104 | G27: COFIDIS Espagne | H27: 06 48 90 86 96 | I27: SALE | J27: BIM LAAYAYDA | K27: ZONE 3 | L27: 07H | M27: 17H | N27: 07H | O27: 17H | P27: 07H | Q27: 17H | R27: 07H | S27: 17H | T27: 07H | U27: 16H | V27: OFF | W27: OFF | X27: OFF | Y27: OFF
A28: S28 | C28: LAMKHIAR | D28: NABIL | E28: LAMKHIAR NABIL | F28: 46125 | G28: COFIDIS Espagne | H28: 06 43 30 12 21 | I28: KENITRA | J28: LA GARE KENITRA | K28: ZONE 8 | L28: 08H | M28: 18H | N28: 08H | O28: 18H | P28: 08H | Q28: 18H | R28: 08H | S28: 18H | T28: 08H | U28: 17H | V28: OFF | W28: OFF | X28: OFF | Y28: OFF
A29: S28 | C29: EL MORABIT | D29: JAMAL DINNE | E29: EL MORABIT JAMAL DINNE | F29: 46125 | G29: COFIDIS Espagne | H29: 06 36 84 91 92 | I29: RABAT | J29: EN FACE SNACK EL OUAZZANI AGDAL | K29: ZONE 2 | L29: 08H | M29: 18H | N29: 08H | O29: 18H | P29: 08H | Q29: 18H | R29: 08H | S29: 18H | T29: 08H | U29: 17H | V29: OFF | W29: OFF | X29: OFF | Y29: OFF
A30: S28 | B30: 1058 | C30: ABBASSI | D30: YASSIR | E30: ABBASSI YASSIR | F30: 45663 | G30: COFIDIS FRANCE | H30: 06 47 97 96 44 | I30: TEMARA | J30: MOSQUEE ABOU HOURAIRA | K30: ZONE 6 | L30: OFF | M30: OFF | N30: OFF | O30: OFF | P30: OFF | Q30: OFF | R30: OFF | S30: OFF | T30: OFF | U30: OFF | V30: OFF | W30: OFF | X30: OFF | Y30: OFF
A31: S28 | B31: 1376 | C31: ABBOUCHA | D31: NADA | E31: ABBOUCHA NADA | F31: 45978 | G31: COFIDIS FRANCE | H31: 07 75 33 38 58 | I31: SALE | J31: SUPER HAY RAHMA | K31: ZONE 3 | L31: 07H | M31: 17H | N31: 07H | O31: 17H | P31: OFF | Q31: OFF | R31: 07H | S31: 17H | T31: 07H | U31: 17H | V31: 07H | W31: 13H | X31: OFF | Y31: OFF
A32: S28 | B32: 1060 | C32: AIT ALI | D32: LOUBNA | E32: AIT ALI LOUBNA | F32: 45663 | G32: COFIDIS FRANCE | H32: 06 60 64 89 02 | I32: KENITRA | J32: SURETE NATIONAL CENTRALE DE KENITRA | K32: ZONE 8 | L32: 08H | M32: 18H | N32: 08H | O32: 18H | P32: 08H | Q32: 18H | R32: 08H | S32: 18H | T32: 09H | U32: 18H | V32: OFF | W32: OFF | X32: OFF | Y32: OFF
A33: S28 | B33: 1105 | C33: ALAOUI M'HAMDI | D33: EL HASSAN | E33: ALAOUI M'HAMDI EL HASSAN | F33: 45719 | G33: COFIDIS FRANCE | H33: 06 21 85 38 60 | I33: SALE | J33: REGIE TABAC SALE | K33: ZONE 4 | L33: 07H | M33: 17H | N33: 07H | O33: 17H | P33: 08H | Q33: 18H | R33: 08H | S33: 18H | T33: OFF | U33: OFF | V33: 07H | W33: 13H | X33: OFF | Y33: OFF
A34: S28 | B34: 1137 | C34: BA | D34: THIERNO HAMDOU | E34: BA THIERNO HAMDOU | F34: 45805 | G34: COFIDIS FRANCE | H34: 06 48 64 02 75 | I34: TEMARA | J34: STATION CHIGUA | K34: ZONE 6 | L34: 07H | M34: 17H | N34: OFF | O34: OFF | P34: 07H | Q34: 17H | R34: 07H | S34: 17H | T34: 07H | U34: 17H | V34: 07H | W34: 13H | X34: OFF | Y34: OFF
A35: S28 | B35: 126 | C35: BAYEZ | D35: LAMYAE | E35: BAYEZ LAMYAE | F35: 43753 | G35: COFIDIS FRANCE | H35: 06 89 68 10 24 | I35: RABAT | J35: ROND POINT AL MANAL | K35: ZONE 1 | L35: 07H | M35: 17H | N35: OFF | O35: OFF | P35: 08H | Q35: 18H | R35: 08H | S35: 18H | T35: 08H | U35: 18H | V35: 07H | W35: 13H | X35: OFF | Y35: OFF
A36: S28 | B36: 937 | C36: BELKHEIRFIH | D36: ZINEB | E36: BELKHEIRFIH ZINEB | F36: 45357 | G36: COFIDIS FRANCE | H36: 07 15 66 59 09 | I36: KENITRA | J36: BANQUE POPULAIRE BIR RAMI | K36: ZONE 8 | L36: 07H | M36: 17H | N36: 07H | O36: 17H | P36: OFF | Q36: OFF | R36: 07H | S36: 17H | T36: 07H | U36: 17H | V36: 07H | W36: 13H | X36: OFF | Y36: OFF
A37: S28 | B37: 1267 | C37: BELLARAJ | D37: ILHAME | E37: BELLARAJ ILHAME | F37: 45895 | G37: COFIDIS FRANCE | H37: 07 63 13 03 14 | I37: TEMARA | J37: CAFE ZAGOURA MASSIRA 1 | K37: ZONE 6 | L37: 08H | M37: 18H | N37: 08H | O37: 18H | P37: 07H | Q37: 17H | R37: 07H | S37: 17H | T37: OFF | U37: OFF | V37: 07H | W37: 13H | X37: OFF | Y37: OFF
A38: S28 | B38: 674 | C38: BEL-MALEM | D38: MERIEM | E38: BEL-MALEM MERIEM | F38: 44655 | G38: COFIDIS FRANCE | H38: 06 77 51 27 80 | I38: SALE | J38: EN FACE RESIDENCE ANNAKHIL | K38: ZONE 4 | L38: OFF | M38: OFF | N38: OFF | O38: OFF | P38: OFF | Q38: OFF | R38: OFF | S38: OFF | T38: OFF | U38: OFF | V38: OFF | W38: OFF | X38: OFF | Y38: OFF
A39: S28 | B39: 153 | C39: BELQASMI | D39: EL MEHDI | E39: BELQASMI EL MEHDI | F39: 43776 | G39: COFIDIS FRANCE | H39: 06 15 47 84 06 | I39: KENITRA | J39: CAFE HSSINA | K39: ZONE 8 | L39: 07H | M39: 16H | N39: 07H | O39: 16H | P39: 07H | Q39: 16H | R39: 07H | S39: 16H | T39: 07H | U39: 16H | V39: OFF | W39: OFF | X39: OFF | Y39: OFF
A40: S28 | B40: 1121 | C40: BENHMIDOU | D40: Jihane | E40: BENHMIDOU Jihane | F40: 45721 | G40: COFIDIS FRANCE | H40: 06 90 91 01 52 | I40: TEMARA | J40: CAFE BAVARIA /BMCI | K40: ZONE 6 | L40: 08H | M40: 18H | N40: 07H | O40: 17H | P40: 07H | Q40: 17H | R40: OFF | S40: OFF | T40: 07H | U40: 17H | V40: 07H | W40: 13H | X40: OFF | Y40: OFF
A41: S28 | B41: 1140 | C41: BENSALLAM | D41: HANAN | E41: BENSALLAM HANAN | F41: 45805 | G41: COFIDIS FRANCE | H41: 06 49 52 34 14 | I41: SALE | J41: DGI SALA AL JADIDA | K41: ZONE 5 | L41: 08H | M41: 18H | N41: 08H | O41: 18H | P41: 08H | Q41: 18H | R41: 08H | S41: 18H | T41: 09H | U41: 18H | V41: OFF | W41: OFF | X41: OFF | Y41: OFF
... A44: S28 | B44: 508 | C44: CHERKAOUI | D44: YOUNES | E44: CHERKAOUI YOUNES | F44: 44424 | G44: COFIDIS FRANCE | H44: 07 71 88 81 10 | I44: RABAT | J44: CNSS TAKADDOUM | K44: ZONE 2 | L44: 07H | M44: 16H | N44: 08H | O44: 18H | P44: 08H | Q44: 18H | R44: 08H | S44: 18H | T44: 08H | U44: 18H | V44: OFF | W44: OFF | X44: OFF | Y44: OFF
A45: S28 | C45: CISSE | D45: SOUADOU | E45: CISSE SOUADOU | F45: 46013 | G45: COFIDIS FRANCE | H45: 07 13 93 96 86 | I45: SALE | J45: SOUK DE VOITURE HAY SALAM | K45: ZONE 3 | L45: OFF | M45: OFF | N45: OFF | O45: OFF | P45: OFF | Q45: OFF | R45: OFF | S45: OFF | T45: 08H | U45: 18H | V45: 07H | W45: 13H | X45: OFF | Y45: OFF
A46: S28 | C46: DIALLO | D46: MOUSTAPHA MATHURIN | E46: DIALLO MOUSTAPHA MATHURIN | F46: 46013 | G46: COFIDIS FRANCE | H46: 06 88 58 36 67 | I46: TEMARA | J46: STATION CHIGA | K46: ZONE 6 | L46: 07H | M46: 17H | N46: 07H | O46: 17H | P46: 08H | Q46: 18H | R46: 07H | S46: 17H | T46: OFF | U46: OFF | V46: 07H | W46: 13H | X46: OFF | Y46: OFF
A47: S28 | B47: 907 | C47: DIOP | D47: ADJA ARAME | E47: DIOP ADJA ARAME | F47: 45299 | G47: COFIDIS FRANCE | H47: 06 82 79 72 16 | I47: SALE | J47: PHARMACIE AL JAZIRA | K47: ZONE 4 | L47: 07H | M47: 17H | N47: 07H | O47: 17H | P47: 07H | Q47: 17H | R47: 07H | S47: 17H | T47: 07H | U47: 16H | V47: OFF | W47: OFF | X47: OFF | Y47: OFF
A48: S28 | B48: 1255 | C48: DIOP | D48: MAMADOU | E48: DIOP MAMADOU | F48: 45895 | G48: COFIDIS FRANCE | H48: 07 83 52 11 86 | I48: TEMARA | J48: MOSQUEE ENNOUR | K48: ZONE 6 | L48: 07H | M48: 17H | N48: 08H | O48: 18H | P48: 07H | Q48: 17H | R48: 07H | S48: 17H | T48: OFF | U48: OFF | V48: 07H | W48: 13H | X48: OFF | Y48: OFF
A49: S28 | B49: 1224 | C49: EL BOUHALI | D49: SOUAD | E49: EL BOUHALI SOUAD | F49: 45839 | G49: COFIDIS FRANCE | H49: 06 60 93 40 94 | I49: RABAT | J49: ISTA HAY NAHDA | K49: ZONE 2 | L49: 07H | M49: 17H | N49: 07H | O49: 17H | P49: 08H | Q49: 18H | R49: OFF | S49: OFF | T49: 08H | U49: 18H | V49: 07H | W49: 13H | X49: OFF | Y49: OFF
A50: S28 | B50: 1225 | C50: EL BOURAINI | D50: NABIL | E50: EL BOURAINI NABIL | F50: 45839 | G50: COFIDIS FRANCE | H50: 06 54 47 65 45 | I50: RABAT | J50: CATHEDRALE OCEAN | K50: ZONE 1 | L50: 07H | M50: 17H | N50: 07H | O50: 17H | P50: 07H | Q50: 17H | R50: OFF | S50: OFF | T50: 07H | U50: 17H | V50: 07H | W50: 13H | X50: OFF | Y50: OFF
A51: S28 | B51: 599 | C51: EL FAIZ | D51: BOUCHRA | E51: EL FAIZ BOUCHRA | F51: 44522 | G51: COFIDIS FRANCE | H51: 06 99 67 70 84 | I51: RABAT | J51: HOPITAL MOULAY YOUSSEF | K51: ZONE 1 | L51: OFF | M51: OFF | N51: OFF | O51: OFF | P51: OFF | Q51: OFF | R51: OFF | S51: OFF | T51: OFF | U51: OFF | V51: OFF | W51: OFF | X51: OFF | Y51: OFF
A52: S28 | B52: 936 | C52: EL FENICH | D52: CHAIMAA | E52: EL FENICH CHAIMAA | F52: 45357 | G52: COFIDIS FRANCE | H52: 06 49 31 75 79 | I52: KENITRA | J52: LA GARE KENITRA | K52: ZONE 8 | L52: OFF | M52: OFF | N52: OFF | O52: OFF | P52: OFF | Q52: OFF | R52: OFF | S52: OFF | T52: OFF | U52: OFF | V52: OFF | W52: OFF | X52: OFF | Y52: OFF
A53: S28 | B53: 1102 | C53: ELHAJRAJI | D53: GHITA | E53: ELHAJRAJI GHITA | F53: 45719 | G53: COFIDIS FRANCE | H53: 06 66 48 13 34 | I53: RABAT | J53: PHARMACIE HAY EL FATH | K53: ZONE 1 | L53: 08H | M53: 18H | N53: 08H | O53: 18H | P53: 08H | Q53: 18H | R53: 08H | S53: 18H | T53: OFF | U53: OFF | V53: 07H | W53: 13H | X53: OFF | Y53: OFF
A54: S28 | B54: 1100 | C54: FALL | D54: MAO | E54: FALL MAO | F54: 45719 | G54: COFIDIS FRANCE | H54: 06 25 31 88 01 | I54: TEMARA | J54: STATION CHIGUA | K54: ZONE 6 | L54: 07H | M54: 17H | N54: 07H | O54: 17H | P54: OFF | Q54: OFF | R54: 07H | S54: 17H | T54: 08H | U54: 18H | V54: 07H | W54: 13H | X54: OFF | Y54: OFF
A55: S28 | B55: 904 | C55: FALL | D55: PAPA ALASSANE | E55: FALL PAPA ALASSANE | F55: 45294 | G55: COFIDIS FRANCE | H55: 07 70 71 40 91 | I55: SALE | J55: SOUK DE VOITURE HAY SALAM | K55: ZONE 3 | L55: 08H | M55: 18H | N55: 08H | O55: 18H | P55: OFF | Q55: OFF | R55: 09H | S55: 18H | T55: 09H | U55: 18H | V55: 07H | W55: 13H | X55: OFF | Y55: OFF
A56: S28 | B56: 1380 | C56: FALL | D56: TENNING | E56: FALL TENNING | F56: 45978 | G56: COFIDIS FRANCE | H56: 06 04 01 27 74 | I56: SALE | J56: TOYOTA HAY AL AMAL CAFE RELAIS SALE | K56: ZONE 4 | L56: 08H | M56: 18H | N56: 08H | O56: 18H | P56: 08H | Q56: 18H | R56: OFF | S56: OFF | T56: 08H | U56: 18H | V56: 07H | W56: 13H | X56: OFF | Y56: OFF
A57: S28 | B57: 1220 | C57: FAYE | D57: KHADY | E57: FAYE KHADY | F57: 45838 | G57: COFIDIS FRANCE | H57: 06 54 72 89 65 | I57: SALE | J57: MOSQUEE NAJAH | K57: ZONE 4 | L57: 08H | M57: 18H | N57: 08H | O57: 18H | P57: 08H | Q57: 18H | R57: OFF | S57: OFF | T57: 08H | U57: 18H | V57: 07H | W57: 13H | X57: OFF | Y57: OFF
A58: S28 | B58: 870 | C58: GUEYE | D58: FATOUMATA | E58: GUEYE FATOUMATA | F58: 45264 | G58: COFIDIS FRANCE | H58: 06 26 28 83 58 | I58: SALE | J58: MOSQUEE NAJAH | K58: ZONE 4 | L58: 07H | M58: 17H | N58: 07H | O58: 17H | P58: OFF | Q58: OFF | R58: 07H | S58: 17H | T58: 07H | U58: 17H | V58: 07H | W58: 13H | X58: OFF | Y58: OFF
... A60: S28 | B60: 1054 | C60: HASSARI | D60: YOUNES | E60: HASSARI YOUNES | F60: 45663 | G60: COFIDIS FRANCE | H60: 07 62 28 29 18 | I60: TEMARA | J60: CAFE FELICITA | K60: ZONE 6 | L60: 08H | M60: 18H | N60: 08H | O60: 18H | P60: 07H | Q60: 17H | R60: 07H | S60: 17H | T60: OFF | U60: OFF | V60: 07H | W60: 13H | X60: OFF | Y60: OFF
A61: S28 | C61: HRILI | D61: BADREDDINE | E61: HRILI BADREDDINE | F61: 46013 | G61: COFIDIS FRANCE | H61: 06 20 95 19 63 | I61: KENITRA | J61: MEHDIA MALL | K61: ZONE 8 | L61: 08H | M61: 18H | N61: OFF | O61: OFF | P61: 07H | Q61: 17H | R61: 08H | S61: 18H | T61: 08H | U61: 18H | V61: 07H | W61: 13H | X61: OFF | Y61: OFF
A62: S28 | B62: 1106 | C62: IGDAD | D62: MOUNA | E62: IGDAD MOUNA | F62: 45719 | G62: COFIDIS FRANCE | H62: 07 80 13 56 63 | I62: TEMARA | J62: TEMARA CENTRE A COTE DE LA BANQUE POPULAIRE | K62: ZONE 6 | L62: 08H | M62: 18H | N62: 08H | O62: 18H | P62: OFF | Q62: OFF | R62: 08H | S62: 18H | T62: 07H | U62: 17H | V62: 07H | W62: 13H | X62: OFF | Y62: OFF
A63: S28 | B63: 868 | C63: IRAQI HOUSSEINI | D63: KHAOULA | E63: IRAQI HOUSSEINI KHAOULA | F63: 45264 | G63: COFIDIS FRANCE | H63: 06 62 44 14 67 | I63: RABAT | J63: DHL AGDAL | K63: ZONE 2 | L63: 08H | M63: 18H | N63: OFF | O63: OFF | P63: 07H | Q63: 17H | R63: 07H | S63: 17H | T63: 08H | U63: 18H | V63: 07H | W63: 13H | X63: OFF | Y63: OFF
A64: S28 | B64: 1056 | C64: JAGHRI | D64: HALA | E64: JAGHRI HALA | F64: 45663 | G64: COFIDIS FRANCE | H64: 06 34 55 93 90 | I64: SALE | J64: PHARMACIE AL JAZIRA | K64: ZONE 4 | L64: 08H | M64: 18H | N64: 08H | O64: 18H | P64: 08H | Q64: 18H | R64: OFF | S64: OFF | T64: 08H | U64: 18H | V64: 07H | W64: 13H | X64: OFF | Y64: OFF
A65: S28 | B65: 1101 | C65: KA | D65: SAMBA | E65: KA SAMBA | F65: 45719 | G65: COFIDIS FRANCE | H65: 06 90 62 42 96 | I65: TEMARA | J65: CHEIKH DAOUI | K65: ZONE 6 | L65: OFF | M65: OFF | N65: 07H | O65: 17H | P65: 07H | Q65: 17H | R65: 07H | S65: 17H | T65: 07H | U65: 17H | V65: 07H | W65: 13H | X65: OFF | Y65: OFF
A66: S28 | B66: 1153 | C66: KACHBA | D66: DOHA | E66: KACHBA DOHA | F66: 45805 | G66: COFIDIS FRANCE | H66: 07 71 05 23 92 | I66: SALE | J66: PHARMACIE OUADGHIRI HAY SALAMA | K66: ZONE 3 | L66: 08H | M66: 18H | N66: 08H | O66: 18H | P66: 08H | Q66: 18H | R66: OFF | S66: OFF | T66: 07H | U66: 17H | V66: 07H | W66: 13H | X66: OFF | Y66: OFF
A67: S28 | B67: 546 | C67: KNADIL | D67: NAJOUA | E67: KNADIL NAJOUA | F67: 44466 | G67: COFIDIS FRANCE | H67: 06 03 09 10 96 | I67: KENITRA | J67: Parking Hôtel Relax | K67: ZONE 7 | L67: 08H | M67: 18H | N67: 08H | O67: 18H | P67: 08H | Q67: 18H | R67: 08H | S67: 18H | T67: 09H | U67: 18H | V67: OFF | W67: OFF | X67: OFF | Y67: OFF
A68: S28 | B68: 608 | C68: LAADEL | D68: HOUDA | E68: LAADEL HOUDA | F68: 44522 | G68: COFIDIS FRANCE | H68: 06 07 64 15 83 | I68: KENITRA | J68: MOSQUEE CHAABI | K68: ZONE 7 | L68: OFF | M68: OFF | N68: OFF | O68: OFF | P68: OFF | Q68: OFF | R68: OFF | S68: OFF | T68: OFF | U68: OFF | V68: OFF | W68: OFF | X68: OFF | Y68: OFF
A69: S28 | B69: 932 | C69: LAZAAR | D69: OUMAIMA | E69: LAZAAR OUMAIMA | F69: 45357 | G69: COFIDIS FRANCE | H69: 06 38 34 09 56 | I69: KENITRA | J69: BENCOX GYM | K69: ZONE 7 | L69: OFF | M69: OFF | N69: OFF | O69: OFF | P69: OFF | Q69: OFF | R69: OFF | S69: OFF | T69: OFF | U69: OFF | V69: OFF | W69: OFF | X69: OFF | Y69: OFF
A70: S28 | B70: 858 | C70: LEBIED | D70: FATIMA ZAHRA | E70: LEBIED FATIMA ZAHRA | F70: 45222 | G70: COFIDIS FRANCE | H70: 06 95 18 16 89 | I70: KENITRA | J70: RESIDENCE NOUHA | K70: ZONE 8 | L70: 07H | M70: 17H | N70: 07H | O70: 17H | P70: 08H | Q70: 18H | R70: OFF | S70: OFF | T70: 07H | U70: 17H | V70: 07H | W70: 13H | X70: OFF | Y70: OFF
A71: S28 | B71: 1214 | C71: NDAO | D71: FATOU KINE | E71: NDAO FATOU KINE | F71: 45838 | G71: COFIDIS FRANCE | H71: 06 87 31 59 62 | I71: SALE | J71: PHARMACIE TAHIRI | K71: ZONE 4 | L71: 07H | M71: 17H | N71: 07H | O71: 17H | P71: 08H | Q71: 18H | R71: OFF | S71: OFF | T71: 07H | U71: 17H | V71: 07H | W71: 13H | X71: OFF | Y71: OFF
A72: S28 | B72: 1212 | C72: NDAW | D72: IBRAHIMA | E72: NDAW IBRAHIMA | F72: 45824 | G72: COFIDIS FRANCE | H72: 06 42 53 99 51 | I72: TEMARA | J72: STATION CHIGUA | K72: ZONE 6 | L72: 08H | M72: 18H | N72: 08H | O72: 18H | P72: OFF | Q72: OFF | R72: 08H | S72: 18H | T72: 08H | U72: 18H | V72: 07H | W72: 13H | X72: OFF | Y72: OFF
A73: S28 | B73: 1216 | C73: NDIAYE | D73: MARIAMA | E73: NDIAYE MARIAMA | F73: 45838 | G73: COFIDIS FRANCE | H73: 07 84 88 03 56 | I73: SALE | J73: STATION TRAMWAY HASSANE 2 BETTANA SALE | K73: ZONE 3 | L73: 08H | M73: 18H | N73: 08H | O73: 18H | P73: 08H | Q73: 18H | R73: OFF | S73: OFF | T73: 08H | U73: 18H | V73: 07H | W73: 13H | X73: OFF | Y73: OFF
... A78: S28 | B78: 641 | C78: THIENE | D78: OUMAR | E78: THIENE OUMAR | F78: 44627 | G78: COFIDIS FRANCE | H78: 07 66 45 14 79 | I78: SALE | J78: AKWASS SALE | K78: ZONE 4 | L78: 07H | M78: 17H | N78: 07H | O78: 17H | P78: 07H | Q78: 17H | R78: 07H | S78: 17H | T78: 07H | U78: 16H | V78: OFF | W78: OFF | X78: OFF | Y78: OFF
A79: S28 | C79: LAALAOUI | D79: SALMA | E79: LAALAOUI SALMA | F79: 46077 | G79: COFIDIS FRANCE | H79: 06 05 95 43 13 | I79: TEMARA | J79: TEMARA CENTRE A COTE DE LA BANQUE POPULAIRE | K79: ZONE 6 | L79: 08H | M79: 18H | N79: 08H | O79: 18H | P79: 07H | Q79: 17H | R79: OFF | S79: OFF | T79: 08H | U79: 18H | V79: 07H | W79: 13H | X79: OFF | Y79: OFF
A80: S28 | C80: NDAW | D80: MAMADOU YACINE | E80: NDAW MAMADOU YACINE | F80: 46077 | G80: COFIDIS FRANCE | H80: 07 26 87 25 59 | I80: TEMARA | J80: TEMARA CENTRE A COTE DE LA BANQUE POPULAIRE | K80: ZONE 6 | L80: 08H | M80: 18H | N80: 08H | O80: 18H | P80: 08H | Q80: 17H | R80: 08H | S80: 17H | T80: 08H | U80: 17H | V80: OFF | W80: OFF | X80: OFF | Y80: OFF
A81: S28 | B81: 243 | C81: AFINDY | D81: CHAIMAA | E81: AFINDY CHAIMAA | F81: 43894 | G81: COFIDIS ITALIE | H81: 06 87 82 63 30 | I81: SALE | J81: La base hay salam | K81: ZONE 3 | L81: 08H | M81: 18H | N81: OFF | O81: OFF | P81: OFF | Q81: OFF | R81: 08H | S81: 18H | T81: 08H | U81: 18H | V81: OFF | W81: OFF | X81: OFF | Y81: OFF
A82: S28 | B82: 93 | C82: DAGDAG | D82: YOUNES | E82: DAGDAG YOUNES | F82: 43740 | G82: COFIDIS ITALIE | H82: 07 70 90 84 01 | I82: SALE | J82: FONDOQIA | K82: ZONE 3 | L82: OFF | M82: OFF | N82: 08H | O82: 18H | P82: 08H | Q82: 18H | R82: 08H | S82: 18H | T82: 08H | U82: 18H | V82: OFF | W82: OFF | X82: OFF | Y82: OFF
A83: S28 | B83: 102 | C83: EL ATMANI | D83: ABOUBAKER | E83: EL ATMANI ABOUBAKER | F83: 43740 | G83: COFIDIS ITALIE | H83: 06 04 85 55 86 | I83: SALE | J83: Rond point SIDI Moussa | K83: ZONE 4 | L83: OFF | M83: OFF | N83: OFF | O83: OFF | P83: OFF | Q83: OFF | R83: OFF | S83: OFF | T83: OFF | U83: OFF | V83: OFF | W83: OFF | X83: OFF | Y83: OFF
A84: S28 | B84: 144 | C84: IDRISSI JAZOULI | D84: YOUSSEF | E84: IDRISSI JAZOULI YOUSSEF | F84: 43760 | G84: COFIDIS ITALIE | H84: 06 93 90 00 90 | I84: KENITRA | J84: Mehdia Mall | K84: ZONE 7 | L84: OFF | M84: OFF | N84: OFF | O84: OFF | P84: OFF | Q84: OFF | R84: OFF | S84: OFF | T84: OFF | U84: OFF | V84: OFF | W84: OFF | X84: OFF | Y84: OFF
A85: S28 | B85: 13 | C85: LAAFIF | D85: OTMANE | E85: LAAFIF OTMANE | F85: 43542 | G85: COFIDIS ITALIE | H85: 06 63 41 88 25 | I85: KENITRA | J85: Centre de Formation dans les Métiers de l'Automobiles BIR RAMI EST | K85: ZONE 7 | L85: OFF | M85: OFF | N85: OFF | O85: OFF | P85: OFF | Q85: OFF | R85: OFF | S85: OFF | T85: OFF | U85: OFF | V85: OFF | W85: OFF | X85: OFF | Y85: OFF
A86: S28 | B86: 115 | C86: NAGRAOUI | D86: ATEF | E86: NAGRAOUI ATEF | F86: 43748 | G86: COFIDIS ITALIE | H86: 06 54 98 00 85 | I86: TEMARA | J86: AV ABDELKRIM LKHTABI FEU ROUGE | K86: ZONE 6 | L86: OFF | M86: OFF | N86: OFF | O86: OFF | P86: OFF | Q86: OFF | R86: OFF | S86: OFF | T86: OFF | U86: OFF | V86: OFF | W86: OFF | X86: OFF | Y86: OFF
A87: S28 | B87: 206 | C87: NAKHLA | D87: SOUKAINA | E87: NAKHLA SOUKAINA | F87: 43843 | G87: COFIDIS ITALIE | H87: 06 81 68 87 64 | I87: KENITRA | J87: Cafe DAMAS | K87: ZONE 7 | L87: OFF | M87: OFF | N87: OFF | O87: OFF | P87: OFF | Q87: OFF | R87: OFF | S87: OFF | T87: OFF | U87: OFF | V87: OFF | W87: OFF | X87: OFF | Y87: OFF
A88: S28 | B88: 100 | C88: SABRI | D88: AYOUB | E88: SABRI AYOUB | F88: 43740 | G88: COFIDIS ITALIE | H88: 07 77 29 76 02 | I88: RABAT | J88: STATION AKKARI-RABAT | K88: ZONE 1 | L88: OFF | M88: OFF | N88: OFF | O88: OFF | P88: OFF | Q88: OFF | R88: OFF | S88: OFF | T88: OFF | U88: OFF | V88: OFF | W88: OFF | X88: OFF | Y88: OFF
A89: S28 | B89: 694 | C89: BENGRAIN | D89: BADR | E89: BENGRAIN BADR | F89: 44655 | G89: CP | H89: 06 39 41 68 90 | I89: RABAT | J89: CHÂTEAU TAKADDOUM | K89: ZONE 2 | L89: 07H | M89: 17H | N89: 07H | O89: 17H | P89: 07H | Q89: 17H | R89: 07H | S89: 17H | T89: 07H | U89: 16H | V89: OFF | W89: OFF | X89: OFF | Y89: OFF
A90: S28 | B90: 338 | C90: NAHAL | D90: MAROUA | E90: NAHAL MAROUA | F90: 44242 | G90: CP | H90: 06 96 67 56 96 | I90: SALE | J90: STATION TRAMWAY HASSANE 2 BETTANA SALE | K90: ZONE 3 | L90: 08H | M90: 18H | N90: 08H | O90: 18H | P90: 08H | Q90: 18H | R90: 08H | S90: 18H | T90: 07H | U90: 16H | V90: OFF | W90: OFF | X90: OFF | Y90: OFF
A91: S28 | B91: 1088 | C91: KERROUMI | D91: MEHDI | E91: KERROUMI Mehdi | F91: 45712 | G91: CP | H91: 06 63 08 80 76 | I91: SALA AL JADIDA | J91: CAFE DIWAN SALA AL JADIDA | K91: ZONE 5 | L91: 08H | M91: 18H | N91: 08H | O91: 18H | P91: 08H | Q91: 18H | R91: 08H | S91: 18H | T91: 07H | U91: 16H | V91: OFF | W91: OFF | X91: OFF | Y91: OFF
A92: S28 | C92: SEMOUSSI | D92: SALMA | E92: SEMOUSSI SALMA | F92: 46132 | G92: CREATIS | H92: 06 39 09 32 72 | I92: TEMARA | J92: STATION CHIGA | K92: ZONE 6 | L92: 08H | M92: 18H | N92: 08H | O92: 18H | P92: 08H | Q92: 18H | R92: OFF | S92: OFF | T92: 08H | U92: 18H | V92: 07H | W92: 13H | X92: OFF | Y92: OFF
A93: S28 | C93: EL HAMDI | D93: MONCEF | E93: EL HAMDI MONCEF | F93: 46132 | G93: CREATIS | H93: 06 75 09 86 16 | I93: TEMARA | J93: AVENUE ABDELKRIM LKHETTABI FEU ROUGE | K93: ZONE 6 | L93: 08H | M93: 18H | N93: 08H | O93: 18H | P93: OFF | Q93: OFF | R93: 08H | S93: 18H | T93: 08H | U93: 18H | V93: 07H | W93: 13H | X93: OFF | Y93: OFF
A94: S28 | C94: LAM | D94: THIERNO MOUNTAGA | E94: LAM THIERNO MOUNTAGA | F94: 46077 | G94: COFIDIS FRANCE | H94: 07 76 81 45 38 | I94: KENITRA | J94: BIR RAMI BANQUE POPULAIRE | K94: ZONE 7 | L94: 08H | M94: 18H | N94: 08H | O94: 18H | P94: 08H | Q94: 17H | R94: 08H | S94: 17H | T94: 08H | U94: 17H | V94: OFF | W94: OFF | X94: OFF | Y94: OFF
A95: S28 | C95: BAHOU | D95: ASMAA | E95: BAHOU ASMAA | F95: 46077 | G95: CREATIS | H95: 07 07 11 61 77 | I95: RABAT | J95: REDAL KWASS CYM | K95: ZONE 1 | L95: 08H | M95: 18H | N95: OFF | O95: OFF | P95: 08H | Q95: 18H | R95: 08H | S95: 18H | T95: 08H | U95: 18H | V95: 07H | W95: 13H | X95: OFF | Y95: OFF
A96: S28 | B96: 1138 | C96: BARA | D96: HAJAR | E96: BARA HAJAR | F96: 45805 | G96: FACTO | H96: 06 33 82 16 40 | I96: RABAT | J96: CAFE AL ANDALOUS CYM | K96: ZONE 1 | L96: 07H | M96: 17H | N96: 07H | O96: 17H | P96: 07H | Q96: 17H | R96: 07H | S96: 17H | T96: 07H | U96: 16H | V96: OFF | W96: OFF | X96: OFF | Y96: OFF
A97: S28 | B97: 1187 | C97: TAOUIL | D97: AYA | E97: TAOUIL AYA | F97: 45805 | G97: DAC CREDIT | H97: 07 06 16 52 34 | I97: KENITRA | J97: BENCOX GYM | K97: ZONE 8 | L97: 08H | M97: 17H | N97: 10H | O97: 20H | P97: 08H | Q97: 18H | R97: 08H | S97: 18H | T97: 08H | U97: 18H | V97: OFF | W97: OFF | X97: OFF | Y97: OFF
A98: S28 | B98: 1211 | C98: MBENE | D98: GUEYE | E98: MBENE GUEYE | F98: 45824 | G98: DAC CREDIT | H98: 06 44 75 05 40 | I98: KENITRA | J98: GARE KENITRA | K98: ZONE 8 | L98: 08H | M98: 17H | N98: 10H | O98: 20H | P98: 08H | Q98: 18H | R98: 08H | S98: 18H | T98: 08H | U98: 18H | V98: OFF | W98: OFF | X98: OFF | Y98: OFF
A99: S28 | C99: ZERZOURI | D99: LAMIAE | E99: ZERZOURI LAMIAE | F99: 46054 | G99: DAC CREDIT | H99: 06 70 28 44 84 | I99: SALA AL JADIDA | J99: LA POSTE SALA AL JADIDA | K99: ZONE 5 | L99: 08H | M99: 17H | N99: 10H | O99: 20H | P99: 08H | Q99: 18H | R99: 08H | S99: 18H | T99: 08H | U99: 18H | V99: OFF | W99: OFF | X99: OFF | Y99: OFF
A100: S28 | C100: ALAMI-AROUSSI | D100: AHMED | E100: ALAMI-AROUSSI AHMED | F100: 46054 | G100: DAC CREDIT | H100: 07 11 80 03 62 | I100: SALE | J100: BAB CHAAFA SALE | K100: ZONE 4 | L100: 08H | M100: 17H | N100: OFF | O100: OFF | P100: OFF | Q100: OFF | R100: 08H | S100: 18H | T100: 08H | U100: 18H | V100: OFF | W100: OFF | X100: OFF | Y100: OFF
A101: S28 | C101: ES-SAHLI | D101: MARYAM | E101: ES-SAHLI MARYAM | F101: 46055 | G101: DAC CREDIT | H101: 07 71 82 76 69 | I101: KENITRA | J101: MOSQUEE CHAABI | K101: ZONE 7 | L101: 08H | M101: 17H | N101: 10H | O101: 20H | P101: 08H | Q101: 18H | R101: 08H | S101: 18H | T101: 08H | U101: 18H | V101: OFF | W101: OFF | X101: OFF | Y101: OFF
A102: S28 | B102: 1013 | C102: EL BAHLOULY | D102: DOHA | E102: EL BAHLOULY DOHA | F102: 45565 | G102: EBRA PRESSE | H102: 07 06 09 55 46 | I102: KENITRA | J102: LYCEE ABDERRAHMANE NACER | K102: ZONE 8 | L102: 08H | M102: 17H | N102: 08H | O102: 17H | P102: 08H | Q102: 17H | R102: 08H | S102: 17H | T102: 08H | U102: 17H | V102: 07H | W102: 11H | X102: OFF | Y102: OFF
A103: S28 | B103: 1148 | C103: EL IDRISSI ELHASSANI | D103: MAHA | E103: EL IDRISSI ELHASSANI MAHA | F103: 45805 | G103: EBRA PRESSE | H103: 06 01 64 85 44 | I103: SALE | J103: BOULANGERIE BREAD HOUSE PRÈS DU ROND‐POINT CARREFOUR SALÉ | K103: ZONE 4 | L103: 07H | M103: 16H | N103: 07H | O103: 16H | P103: 07H | Q103: 16H | R103: 07H | S103: 16H | T103: 07H | U103: 16H | V103: 07H | W103: 11H | X103: OFF | Y103: OFF
A104: S28 | B104: 1141 | C104: BOUABDILLAH | D104: ZAKARIA | E104: BOUABDILLAH ZAKARIA | F104: 45805 | G104: EBRA PRESSE | H104: 06 06 54 30 32 | I104: SALE | J104: STATION TRAM TABRIQUET | K104: ZONE 3 | L104: 07H | M104: 16H | N104: 07H | O104: 16H | P104: 07H | Q104: 16H | R104: 07H | S104: 16H | T104: 07H | U104: 16H | V104: 07H | W104: 11H | X104: OFF | Y104: OFF
A105: S28 | B105: 1146 | C105: EL GUARJAOUI | D105: HIBA | E105: EL GUARJAOUI HIBA | F105: 45805 | G105: EBRA PRESSE | H105: 06 73 71 10 70 | I105: TEMARA | J105: CAFE ZAGOURA MASSIRA 1 | K105: ZONE 6 | L105: 07H | M105: 16H | N105: 07H | O105: 16H | P105: 07H | Q105: 16H | R105: 07H | S105: 16H | T105: 07H | U105: 16H | V105: 07H | W105: 11H | X105: OFF | Y105: OFF
A106: S28 | B106: 1161 | C106: LIMANE | D106: HIBA | E106: LIMANE HIBA | F106: 45805 | G106: EBRA PRESSE | H106: 06 28 91 95 36 | I106: SALE | J106: MAROC TELECOM BETTANA | K106: ZONE 3 | L106: 07H | M106: 16H | N106: 07H | O106: 16H | P106: 07H | Q106: 16H | R106: 07H | S106: 16H | T106: 07H | U106: 16H | V106: 07H | W106: 11H | X106: OFF | Y106: OFF
A107: S28 | B107: 1372 | C107: HAMDOUNI | D107: YASSER | E107: HAMDOUNI YASSER | F107: 45971 | G107: EBRA PRESSE | H107: 07 62 67 72 59 | I107: TEMARA | J107: CAFE FELICITA | K107: ZONE 6 | L107: 07H | M107: 16H | N107: 07H | O107: 16H | P107: 07H | Q107: 16H | R107: 07H | S107: 16H | T107: 07H | U107: 16H | V107: 07H | W107: 11H | X107: OFF | Y107: OFF
...

Sheet ETAT
A4: Entrées | L4: SORTIES
A5: IPUR | B5: VILLE | C5: 06H | D5: 06H | E5: 07H | F5: 08H | G5: 09H | H5: 10H | I5: 11H | J5: 12H | L5: IPUR | M5: VILLE | N5: 11H | O5: 12H | P5: 13H | Q5: 14H | R5: 15H | S5: 16H | T5: 17H | U5: 18H | V5: 19H | W5: 20H
A6: LUNDI | B6: KENITRA | C6: =COUNTIFS(PLANNING!$I:$I,ETAT!$B6,PLANNING!$L:$L,C$5) -> 0 | D6: =COUNTIFS(PLANNING!$I:$I,ETAT!$B6,PLANNING!$L:$L,D$5) -> 0 | E6: =COUNTIFS(PLANNING!$I:$I,ETAT!$B6,PLANNING!$L:$L,E$5) -> 17 | F6: =COUNTIFS(PLANNING!$I:$I,ETAT!$B6,PLANNING!$L:$L,F$5) -> 30 | G6: =COUNTIFS(PLANNING!$I:$I,ETAT!$B6,PLANNING!$L:$L,G$5) -> 0 | H6: =COUNTIFS(PLANNING!$I:$I,ETAT!$B6,PLANNING!$L:$L,H$5) -> 4 | I6: =COUNTIFS(PLANNING!$I:$I,ETAT!$B6,PLANNING!$L:$L,I$5) -> 0 | J6: =COUNTIFS(PLANNING!$I:$I,ETAT!$B6,PLANNING!$L:$L,J$5) -> 0 | L6: LUNDI | M6: KENITRA | N6: =COUNTIFS(PLANNING!$I:$I,$B6,PLANNING!$M:$M,N$5) -> 0 | O6: =COUNTIFS(PLANNING!$I:$I,$B6,PLANNING!$M:$M,O$5) -> 0 | P6: =COUNTIFS(PLANNING!$I:$I,$B6,PLANNING!$M:$M,P$5) -> 0 | Q6: =COUNTIFS(PLANNING!$I:$I,$B6,PLANNING!$M:$M,Q$5) -> 0 | R6: =COUNTIFS(PLANNING!$I:$I,$B6,PLANNING!$M:$M,R$5) -> 0 | S6: =COUNTIFS(PLANNING!$I:$I,$B6,PLANNING!$M:$M,S$5) -> 5 | T6: =COUNTIFS(PLANNING!$I:$I,$B6,PLANNING!$M:$M,T$5) -> 25 | U6: =COUNTIFS(PLANNING!$I:$I,$B6,PLANNING!$M:$M,U$5) -> 17 | ... W6: =COUNTIFS(PLANNING!$I:$I,$B6,PLANNING!$M:$M,W$5) -> 4
A7: LUNDI | B7: RABAT | C7: =COUNTIFS(PLANNING!$I:$I,$B7,PLANNING!$L:$L,C$5) -> 0 | D7: =COUNTIFS(PLANNING!$I:$I,$B7,PLANNING!$L:$L,D$5) -> 0 | E7: =COUNTIFS(PLANNING!$I:$I,$B7,PLANNING!$L:$L,E$5) -> 21 | F7: =COUNTIFS(PLANNING!$I:$I,$B7,PLANNING!$L:$L,F$5) -> 19 | G7: =COUNTIFS(PLANNING!$I:$I,$B7,PLANNING!$L:$L,G$5) -> 0 | H7: =COUNTIFS(PLANNING!$I:$I,$B7,PLANNING!$L:$L,H$5) -> 0 | I7: =COUNTIFS(PLANNING!$I:$I,$B7,PLANNING!$L:$L,I$5) -> 0 | J7: =COUNTIFS(PLANNING!$I:$I,$B7,PLANNING!$L:$L,J$5) -> 0 | L7: LUNDI | M7: RABAT | N7: =COUNTIFS(PLANNING!$I:$I,$B7,PLANNING!$M:$M,N$5) -> 0 | O7: =COUNTIFS(PLANNING!$I:$I,$B7,PLANNING!$M:$M,O$5) -> 0 | P7: =COUNTIFS(PLANNING!$I:$I,$B7,PLANNING!$M:$M,P$5) -> 0 | Q7: =COUNTIFS(PLANNING!$I:$I,$B7,PLANNING!$M:$M,Q$5) -> 0 | R7: =COUNTIFS(PLANNING!$I:$I,$B7,PLANNING!$M:$M,R$5) -> 0 | S7: =COUNTIFS(PLANNING!$I:$I,$B7,PLANNING!$M:$M,S$5) -> 4 | T7: =COUNTIFS(PLANNING!$I:$I,$B7,PLANNING!$M:$M,T$5) -> 24 | U7: =COUNTIFS(PLANNING!$I:$I,$B7,PLANNING!$M:$M,U$5) -> 12 | ... W7: =COUNTIFS(PLANNING!$I:$I,$B7,PLANNING!$M:$M,W$5) -> 0
A8: LUNDI | B8: SALE SALA AL JADIDA | C8: =COUNTIFS(PLANNING!$I:$I,LEFT($B$8,4),PLANNING!$L:$L,C$5)+COUNTIFS(PLANNING!$I:$I,RIGHT($B$8,14),PLANNING!$L:$L,C$5) -> 0 | D8: =COUNTIFS(PLANNING!$I:$I,LEFT($B$8,4),PLANNING!$L:$L,D$5)+COUNTIFS(PLANNING!$I:$I,RIGHT($B$8,14),PLANNING!$L:$L,D$5) -> 0 | E8: =COUNTIFS(PLANNING!$I:$I,LEFT($B$8,4),PLANNING!$L:$L,E$5)+COUNTIFS(PLANNING!$I:$I,RIGHT($B$8,14),PLANNING!$L:$L,E$5) -> 36 | F8: =COUNTIFS(PLANNING!$I:$I,LEFT($B$8,4),PLANNING!$L:$L,F$5)+COUNTIFS(PLANNING!$I:$I,RIGHT($B$8,14),PLANNING!$L:$L,F$5) -> 69 | G8: =COUNTIFS(PLANNING!$I:$I,LEFT($B$8,4),PLANNING!$L:$L,G$5)+COUNTIFS(PLANNING!$I:$I,RIGHT($B$8,14),PLANNING!$L:$L,G$5) -> 19 | H8: =COUNTIFS(PLANNING!$I:$I,LEFT($B$8,4),PLANNING!$L:$L,H$5)+COUNTIFS(PLANNING!$I:$I,RIGHT($B$8,14),PLANNING!$L:$L,H$5) -> 6 | I8: =COUNTIFS(PLANNING!$I:$I,LEFT($B$8,4),PLANNING!$L:$L,I$5)+COUNTIFS(PLANNING!$I:$I,RIGHT($B$8,14),PLANNING!$L:$L,I$5) -> 0 | J8: =COUNTIFS(PLANNING!$I:$I,LEFT($B$8,4),PLANNING!$L:$L,J$5)+COUNTIFS(PLANNING!$I:$I,RIGHT($B$8,14),PLANNING!$L:$L,J$5) -> 0 | L8: LUNDI | M8: SALE SALA AL JADIDA | N8: =COUNTIFS(PLANNING!$I:$I,LEFT($B$8,4),PLANNING!$M:$M,N$5)+COUNTIFS(PLANNING!$I:$I,RIGHT($B$8,14),PLANNING!$M:$M,N$5) -> 0 | O8: =COUNTIFS(PLANNING!$I:$I,LEFT($B$8,4),PLANNING!$M:$M,O$5)+COUNTIFS(PLANNING!$I:$I,RIGHT($B$8,14),PLANNING!$M:$M,O$5) -> 0 | P8: =COUNTIFS(PLANNING!$I:$I,LEFT($B$8,4),PLANNING!$M:$M,P$5)+COUNTIFS(PLANNING!$I:$I,RIGHT($B$8,14),PLANNING!$M:$M,P$5) -> 0 | Q8: =COUNTIFS(PLANNING!$I:$I,LEFT($B$8,4),PLANNING!$M:$M,Q$5)+COUNTIFS(PLANNING!$I:$I,RIGHT($B$8,14),PLANNING!$M:$M,Q$5) -> 0 | R8: =COUNTIFS(PLANNING!$I:$I,LEFT($B$8,4),PLANNING!$M:$M,R$5)+COUNTIFS(PLANNING!$I:$I,RIGHT($B$8,14),PLANNING!$M:$M,R$5) -> 0 | S8: =COUNTIFS(PLANNING!$I:$I,LEFT($B$8,4),PLANNING!$M:$M,S$5)+COUNTIFS(PLANNING!$I:$I,RIGHT($B$8,14),PLANNING!$M:$M,S$5) -> 18 | T8: =COUNTIFS(PLANNING!$I:$I,LEFT($B$8,4),PLANNING!$M:$M,T$5)+COUNTIFS(PLANNING!$I:$I,RIGHT($B$8,14),PLANNING!$M:$M,T$5) -> 41 | U8: =COUNTIFS(PLANNING!$I:$I,LEFT($B$8,4),PLANNING!$M:$M,U$5)+COUNTIFS(PLANNING!$I:$I,RIGHT($B$8,14),PLANNING!$M:$M,U$5) -> 48 | ... W8: =COUNTIFS(PLANNING!$I:$I,LEFT($B$8,4),PLANNING!$M:$M,W$5)+COUNTIFS(PLANNING!$I:$I,RIGHT($B$8,14),PLANNING!$M:$M,W$5) -> 6
A9: LUNDI | B9: TEMARA | C9: =COUNTIFS(PLANNING!$I:$I,$B9,PLANNING!$L:$L,C$5) -> 0 | D9: =COUNTIFS(PLANNING!$I:$I,$B9,PLANNING!$L:$L,D$5) -> 0 | E9: =COUNTIFS(PLANNING!$I:$I,$B9,PLANNING!$L:$L,E$5) -> 13 | F9: =COUNTIFS(PLANNING!$I:$I,$B9,PLANNING!$L:$L,F$5) -> 27 | G9: =COUNTIFS(PLANNING!$I:$I,$B9,PLANNING!$L:$L,G$5) -> 0 | H9: =COUNTIFS(PLANNING!$I:$I,$B9,PLANNING!$L:$L,H$5) -> 0 | I9: =COUNTIFS(PLANNING!$I:$I,$B9,PLANNING!$L:$L,I$5) -> 0 | J9: =COUNTIFS(PLANNING!$I:$I,$B9,PLANNING!$L:$L,J$5) -> 0 | L9: LUNDI | M9: TEMARA | N9: =COUNTIFS(PLANNING!$I:$I,$B9,PLANNING!$M:$M,N$5) -> 0 | O9: =COUNTIFS(PLANNING!$I:$I,$B9,PLANNING!$M:$M,O$5) -> 0 | P9: =COUNTIFS(PLANNING!$I:$I,$B9,PLANNING!$M:$M,P$5) -> 0 | Q9: =COUNTIFS(PLANNING!$I:$I,$B9,PLANNING!$M:$M,Q$5) -> 0 | R9: =COUNTIFS(PLANNING!$I:$I,LEFT($B$9,4),PLANNING!$M:$M,R$5)+COUNTIFS(PLANNING!$I:$I,RIGHT($B$9,14),PLANNING!$M:$M,R$5) -> 0 | S9: =COUNTIFS(PLANNING!$I:$I,$B9,PLANNING!$M:$M,S$5) -> 6 | T9: =COUNTIFS(PLANNING!$I:$I,$B9,PLANNING!$M:$M,T$5) -> 11 | U9: =COUNTIFS(PLANNING!$I:$I,$B9,PLANNING!$M:$M,U$5) -> 23 | V9: =COUNTIFS(PLANNING!$I:$I,$B9,PLANNING!$M:$M,V$5) -> 0 | W9: =COUNTIFS(PLANNING!$I:$I,$B9,PLANNING!$M:$M,W$5) -> 0
A10: MARDI | B10: KENITRA | C10: =COUNTIFS(PLANNING!$I:$I,$B10,PLANNING!$N:$N,C$5) -> 0 | D10: =COUNTIFS(PLANNING!$I:$I,$B10,PLANNING!$N:$N,D$5) -> 0 | E10: =COUNTIFS(PLANNING!$I:$I,$B10,PLANNING!$N:$N,E$5) -> 15 | F10: =COUNTIFS(PLANNING!$I:$I,$B10,PLANNING!$N:$N,F$5) -> 18 | G10: =COUNTIFS(PLANNING!$I:$I,$B10,PLANNING!$N:$N,G$5) -> 0 | H10: =COUNTIFS(PLANNING!$I:$I,$B10,PLANNING!$M:$M,H$5) -> 0 | I10: =COUNTIFS(PLANNING!$I:$I,$B10,PLANNING!$M:$M,I$5) -> 0 | J10: =COUNTIFS(PLANNING!$I:$I,$B10,PLANNING!$M:$M,J$5) -> 0 | L10: MARDI | M10: KENITRA | N10: =COUNTIFS(PLANNING!$I:$I,$B10,PLANNING!$O:$O,N$5) -> 0 | O10: =COUNTIFS(PLANNING!$I:$I,$B10,PLANNING!$O:$O,O$5) -> 0 | P10: =COUNTIFS(PLANNING!$I:$I,$B10,PLANNING!$O:$O,P$5) -> 0 | Q10: =COUNTIFS(PLANNING!$I:$I,$B10,PLANNING!$O:$O,Q$5) -> 0 | R10: =COUNTIFS(PLANNING!$I:$I,$B10,PLANNING!$O:$O,R$5) -> 0 | S10: =COUNTIFS(PLANNING!$I:$I,$B10,PLANNING!$O:$O,S$5) -> 5 | T10: =COUNTIFS(PLANNING!$I:$I,$B10,PLANNING!$O:$O,T$5) -> 13 | U10: =COUNTIFS(PLANNING!$I:$I,$B10,PLANNING!$O:$O,U$5) -> 15 | ... W10: =COUNTIFS(PLANNING!$I:$I,$B10,PLANNING!$O:$O,W$5) -> 15
A11: MARDI | B11: RABAT | C11: =COUNTIFS(PLANNING!$I:$I,$B11,PLANNING!$N:$N,C$5) -> 0 | D11: =COUNTIFS(PLANNING!$I:$I,$B11,PLANNING!$N:$N,D$5) -> 0 | E11: =COUNTIFS(PLANNING!$I:$I,$B11,PLANNING!$N:$N,E$5) -> 19 | F11: =COUNTIFS(PLANNING!$I:$I,$B11,PLANNING!$N:$N,F$5) -> 16 | G11: =COUNTIFS(PLANNING!$I:$I,$B11,PLANNING!$N:$N,G$5) -> 0 | H11: =COUNTIFS(PLANNING!$I:$I,$B11,PLANNING!$N:$N,H$5) -> 2 | I11: =COUNTIFS(PLANNING!$I:$I,$B11,PLANNING!$M:$M,I$5) -> 0 | J11: =COUNTIFS(PLANNING!$I:$I,$B11,PLANNING!$M:$M,J$5) -> 0 | L11: MARDI | M11: RABAT | N11: =COUNTIFS(PLANNING!$I:$I,$B11,PLANNING!$O:$O,N$5) -> 0 | O11: =COUNTIFS(PLANNING!$I:$I,$B11,PLANNING!$O:$O,O$5) -> 0 | P11: =COUNTIFS(PLANNING!$I:$I,$B11,PLANNING!$O:$O,P$5) -> 0 | Q11: =COUNTIFS(PLANNING!$I:$I,$B11,PLANNING!$O:$O,Q$5) -> 0 | R11: =COUNTIFS(PLANNING!$I:$I,$B11,PLANNING!$O:$O,R$5) -> 0 | S11: =COUNTIFS(PLANNING!$I:$I,$B11,PLANNING!$O:$O,S$5) -> 3 | T11: =COUNTIFS(PLANNING!$I:$I,$B11,PLANNING!$O:$O,T$5) -> 21 | U11: =COUNTIFS(PLANNING!$I:$I,$B11,PLANNING!$O:$O,U$5) -> 11 | ... W11: =COUNTIFS(PLANNING!$I:$I,$B11,PLANNING!$O:$O,W$5) -> 2
A12: MARDI | B12: SALE SALA AL JADIDA | C12: =COUNTIFS(PLANNING!$I:$I,LEFT($B$8,4),PLANNING!$N:$N,C$5)+COUNTIFS(PLANNING!$I:$I,RIGHT($B$8,14),PLANNING!$N:$N,C$5) -> 0 | D12: =COUNTIFS(PLANNING!$I:$I,LEFT($B$8,4),PLANNING!$N:$N,D$5)+COUNTIFS(PLANNING!$I:$I,RIGHT($B$8,14),PLANNING!$N:$N,D$5) -> 0 | E12: =COUNTIFS(PLANNING!$I:$I,LEFT($B$8,4),PLANNING!$N:$N,E$5)+COUNTIFS(PLANNING!$I:$I,RIGHT($B$8,14),PLANNING!$N:$N,E$5) -> 37 | F12: =COUNTIFS(PLANNING!$I:$I,LEFT($B$8,4),PLANNING!$N:$N,F$5)+COUNTIFS(PLANNING!$I:$I,RIGHT($B$8,14),PLANNING!$N:$N,F$5) -> 50 | G12: =COUNTIFS(PLANNING!$I:$I,LEFT($B$8,4),PLANNING!$N:$N,G$5)+COUNTIFS(PLANNING!$I:$I,RIGHT($B$8,14),PLANNING!$N:$N,G$5) -> 19 | H12: =COUNTIFS(PLANNING!$I:$I,LEFT($B$8,4),PLANNING!$P:$P,H$5)+COUNTIFS(PLANNING!$I:$I,RIGHT($B$8,14),PLANNING!$P:$P,H$5) -> 14 | I12: =COUNTIFS(PLANNING!$I:$I,LEFT($B$8,4),PLANNING!$M:$M,I$5)+COUNTIFS(PLANNING!$I:$I,RIGHT($B$8,14),PLANNING!$M:$M,I$5) -> 0 | J12: =COUNTIFS(PLANNING!$I:$I,LEFT($B$8,4),PLANNING!$M:$M,J$5)+COUNTIFS(PLANNING!$I:$I,RIGHT($B$8,14),PLANNING!$M:$M,J$5) -> 0 | L12: MARDI | M12: SALE SALA AL JADIDA | N12: =COUNTIFS(PLANNING!$I:$I,LEFT($B$8,4),PLANNING!$O:$O,N$5)+COUNTIFS(PLANNING!$I:$I,RIGHT($B$8,14),PLANNING!$O:$O,N$5) -> 0 | O12: =COUNTIFS(PLANNING!$I:$I,LEFT($B$8,4),PLANNING!$O:$O,O$5)+COUNTIFS(PLANNING!$I:$I,RIGHT($B$8,14),PLANNING!$O:$O,O$5) -> 0 | P12: =COUNTIFS(PLANNING!$I:$I,LEFT($B$8,4),PLANNING!$O:$O,P$5)+COUNTIFS(PLANNING!$I:$I,RIGHT($B$8,14),PLANNING!$O:$O,P$5) -> 0 | Q12: =COUNTIFS(PLANNING!$I:$I,LEFT($B$8,4),PLANNING!$O:$O,Q$5)+COUNTIFS(PLANNING!$I:$I,RIGHT($B$8,14),PLANNING!$O:$O,Q$5) -> 0 | R12: =COUNTIFS(PLANNING!$I:$I,LEFT($B$8,4),PLANNING!$O:$O,R$5)+COUNTIFS(PLANNING!$I:$I,RIGHT($B$8,14),PLANNING!$O:$O,R$5) -> 0 | S12: =COUNTIFS(PLANNING!$I:$I,LEFT($B$8,4),PLANNING!$O:$O,S$5)+COUNTIFS(PLANNING!$I:$I,RIGHT($B$8,14),PLANNING!$O:$O,S$5) -> 18 | T12: =COUNTIFS(PLANNING!$I:$I,LEFT($B$8,4),PLANNING!$O:$O,T$5)+COUNTIFS(PLANNING!$I:$I,RIGHT($B$8,14),PLANNING!$O:$O,T$5) -> 22 | U12: =COUNTIFS(PLANNING!$I:$I,LEFT($B$8,4),PLANNING!$O:$O,U$5)+COUNTIFS(PLANNING!$I:$I,RIGHT($B$8,14),PLANNING!$O:$O,U$5) -> 49 | ... W12: =COUNTIFS(PLANNING!$I:$I,LEFT($B$8,4),PLANNING!$O:$O,W$5)+COUNTIFS(PLANNING!$I:$I,RIGHT($B$8,14),PLANNING!$O:$O,W$5) -> 24
A13: MARDI | B13: TEMARA | C13: =COUNTIFS(PLANNING!$I:$I,$B13,PLANNING!$N:$N,C$5) -> 0 | D13: =COUNTIFS(PLANNING!$I:$I,$B13,PLANNING!$N:$N,D$5) -> 0 | E13: =COUNTIFS(PLANNING!$I:$I,$B13,PLANNING!$N:$N,E$5) -> 13 | F13: =COUNTIFS(PLANNING!$I:$I,$B13,PLANNING!$N:$N,F$5) -> 25 | G13: =COUNTIFS(PLANNING!$I:$I,$B13,PLANNING!$N:$N,G$5) -> 0 | H13: =COUNTIFS(PLANNING!$I:$I,$B13,PLANNING!$M:$M,H$5) -> 0 | I13: =COUNTIFS(PLANNING!$I:$I,$B13,PLANNING!$M:$M,I$5) -> 0 | J13: =COUNTIFS(PLANNING!$I:$I,$B13,PLANNING!$M:$M,J$5) -> 0 | L13: MARDI | M13: TEMARA | N13: =COUNTIFS(PLANNING!$I:$I,$B13,PLANNING!$O:$O,N$5) -> 0 | O13: =COUNTIFS(PLANNING!$I:$I,$B13,PLANNING!$O:$O,O$5) -> 0 | P13: =COUNTIFS(PLANNING!$I:$I,$B13,PLANNING!$O:$O,P$5) -> 0 | Q13: =COUNTIFS(PLANNING!$I:$I,$B13,PLANNING!$O:$O,Q$5) -> 0 | R13: =COUNTIFS(PLANNING!$I:$I,$B13,PLANNING!$O:$O,R$5) -> 0 | S13: =COUNTIFS(PLANNING!$I:$I,$B13,PLANNING!$O:$O,S$5) -> 6 | T13: =COUNTIFS(PLANNING!$I:$I,$B13,PLANNING!$O:$O,T$5) -> 9 | U13: =COUNTIFS(PLANNING!$I:$I,$B13,PLANNING!$O:$O,U$5) -> 23 | ... W13: =COUNTIFS(PLANNING!$I:$I,$B13,PLANNING!$O:$O,W$5) -> 3
A14: MERCREDI | B14: KENITRA | C14: =COUNTIFS(PLANNING!$I:$I,$B14,PLANNING!$P:$P,C$5) -> 0 | D14: =COUNTIFS(PLANNING!$I:$I,$B14,PLANNING!$P:$P,D$5) -> 0 | E14: =COUNTIFS(PLANNING!$I:$I,$B14,PLANNING!$P:$P,E$5) -> 13 | F14: =COUNTIFS(PLANNING!$I:$I,$B14,PLANNING!$P:$P,F$5) -> 25 | G14: =COUNTIFS(PLANNING!$I:$I,$B14,PLANNING!$P:$P,G$5) -> 0 | H14: =COUNTIFS(PLANNING!$I:$I,$B14,PLANNING!$P:$P,H$5) -> 6 | I14: =COUNTIFS(PLANNING!$I:$I,$B14,PLANNING!$P:$P,I$5) -> 0 | J14: =COUNTIFS(PLANNING!$I:$I,$B14,PLANNING!$P:$P,J$5) -> 0 | L14: MERCREDI | M14: KENITRA | N14: =COUNTIFS(PLANNING!$I:$I,$B14,PLANNING!$Q:$Q,N$5) -> 0 | O14: =COUNTIFS(PLANNING!$I:$I,$B14,PLANNING!$Q:$Q,O$5) -> 0 | P14: =COUNTIFS(PLANNING!$I:$I,$B14,PLANNING!$Q:$Q,P$5) -> 0 | Q14: =COUNTIFS(PLANNING!$I:$I,$B14,PLANNING!$Q:$Q,Q$5) -> 0 | R14: =COUNTIFS(PLANNING!$I:$I,$B14,PLANNING!$Q:$Q,R$5) -> 0 | S14: =COUNTIFS(PLANNING!$I:$I,$B14,PLANNING!$Q:$Q,S$5) -> 5 | T14: =COUNTIFS(PLANNING!$I:$I,$B14,PLANNING!$Q:$Q,T$5) -> 13 | U14: =COUNTIFS(PLANNING!$I:$I,$B14,PLANNING!$Q:$Q,U$5) -> 20 | ... W14: =COUNTIFS(PLANNING!$I:$I,$B14,PLANNING!$Q:$Q,W$5) -> 6
A15: MERCREDI | B15: RABAT | C15: =COUNTIFS(PLANNING!$I:$I,$B15,PLANNING!$P:$P,C$5) -> 0 | D15: =COUNTIFS(PLANNING!$I:$I,$B15,PLANNING!$P:$P,D$5) -> 0 | E15: =COUNTIFS(PLANNING!$I:$I,$B15,PLANNING!$P:$P,E$5) -> 18 | F15: =COUNTIFS(PLANNING!$I:$I,$B15,PLANNING!$P:$P,F$5) -> 21 | G15: =COUNTIFS(PLANNING!$I:$I,$B15,PLANNING!$P:$P,G$5) -> 0 | H15: =COUNTIFS(PLANNING!$I:$I,$B15,PLANNING!$P:$P,H$5) -> 0 | I15: =COUNTIFS(PLANNING!$I:$I,$B15,PLANNING!$P:$P,I$5) -> 0 | J15: =COUNTIFS(PLANNING!$I:$I,$B15,PLANNING!$P:$P,J$5) -> 0 | L15: MERCREDI | M15: RABAT | N15: =COUNTIFS(PLANNING!$I:$I,$B15,PLANNING!$Q:$Q,N$5) -> 0 | O15: =COUNTIFS(PLANNING!$I:$I,$B15,PLANNING!$Q:$Q,O$5) -> 0 | P15: =COUNTIFS(PLANNING!$I:$I,$B15,PLANNING!$Q:$Q,P$5) -> 0 | Q15: =COUNTIFS(PLANNING!$I:$I,$B15,PLANNING!$Q:$Q,Q$5) -> 0 | R15: =COUNTIFS(PLANNING!$I:$I,$B15,PLANNING!$Q:$Q,R$5) -> 0 | S15: =COUNTIFS(PLANNING!$I:$I,$B15,PLANNING!$Q:$Q,S$5) -> 4 | T15: =COUNTIFS(PLANNING!$I:$I,$B15,PLANNING!$Q:$Q,T$5) -> 19 | U15: =COUNTIFS(PLANNING!$I:$I,$B15,PLANNING!$Q:$Q,U$5) -> 16 | ... W15: =COUNTIFS(PLANNING!$I:$I,$B15,PLANNING!$Q:$Q,W$5) -> 0
A16: MERCREDI | B16: SALE SALA AL JADIDA | C16: =COUNTIFS(PLANNING!$I:$I,LEFT($B$8,4),PLANNING!$P:$P,C$5)+COUNTIFS(PLANNING!$I:$I,RIGHT($B$8,14),PLANNING!$P:$P,C$5) -> 0 | D16: =COUNTIFS(PLANNING!$I:$I,LEFT($B$8,4),PLANNING!$P:$P,D$5)+COUNTIFS(PLANNING!$I:$I,RIGHT($B$8,14),PLANNING!$P:$P,D$5) -> 0 | E16: =COUNTIFS(PLANNING!$I:$I,LEFT($B$8,4),PLANNING!$P:$P,E$5)+COUNTIFS(PLANNING!$I:$I,RIGHT($B$8,14),PLANNING!$P:$P,E$5) -> 30 | F16: =COUNTIFS(PLANNING!$I:$I,LEFT($B$8,4),PLANNING!$P:$P,F$5)+COUNTIFS(PLANNING!$I:$I,RIGHT($B$8,14),PLANNING!$P:$P,F$5) -> 55 | G16: =COUNTIFS(PLANNING!$I:$I,LEFT($B$8,4),PLANNING!$P:$P,G$5)+COUNTIFS(PLANNING!$I:$I,RIGHT($B$8,14),PLANNING!$P:$P,G$5) -> 24 | H16: =COUNTIFS(PLANNING!$I:$I,LEFT($B$8,4),PLANNING!$P:$P,H$5)+COUNTIFS(PLANNING!$I:$I,RIGHT($B$8,14),PLANNING!$P:$P,H$5) -> 14 | I16: =COUNTIFS(PLANNING!$I:$I,LEFT($B$8,4),PLANNING!$P:$P,I$5)+COUNTIFS(PLANNING!$I:$I,RIGHT($B$8,14),PLANNING!$P:$P,I$5) -> 0 | J16: =COUNTIFS(PLANNING!$I:$I,LEFT($B$8,4),PLANNING!$P:$P,J$5)+COUNTIFS(PLANNING!$I:$I,RIGHT($B$8,14),PLANNING!$P:$P,J$5) -> 0 | L16: MERCREDI | M16: SALE SALA AL JADIDA | N16: =COUNTIFS(PLANNING!$I:$I,LEFT($B$8,4),PLANNING!$Q:$Q,N$5)+COUNTIFS(PLANNING!$I:$I,RIGHT($B$8,14),PLANNING!$Q:$Q,N$5) -> 0 | O16: =COUNTIFS(PLANNING!$I:$I,LEFT($B$8,4),PLANNING!$Q:$Q,O$5)+COUNTIFS(PLANNING!$I:$I,RIGHT($B$8,14),PLANNING!$Q:$Q,O$5) -> 0 | P16: =COUNTIFS(PLANNING!$I:$I,LEFT($B$8,4),PLANNING!$Q:$Q,P$5)+COUNTIFS(PLANNING!$I:$I,RIGHT($B$8,14),PLANNING!$Q:$Q,P$5) -> 0 | Q16: =COUNTIFS(PLANNING!$I:$I,LEFT($B$8,4),PLANNING!$Q:$Q,Q$5)+COUNTIFS(PLANNING!$I:$I,RIGHT($B$8,14),PLANNING!$Q:$Q,Q$5) -> 0 | R16: =COUNTIFS(PLANNING!$I:$I,LEFT($B$8,4),PLANNING!$Q:$Q,R$5)+COUNTIFS(PLANNING!$I:$I,RIGHT($B$8,14),PLANNING!$Q:$Q,R$5) -> 0 | S16: =COUNTIFS(PLANNING!$I:$I,LEFT($B$8,4),PLANNING!$Q:$Q,S$5)+COUNTIFS(PLANNING!$I:$I,RIGHT($B$8,14),PLANNING!$Q:$Q,S$5) -> 18 | T16: =COUNTIFS(PLANNING!$I:$I,LEFT($B$8,4),PLANNING!$Q:$Q,T$5)+COUNTIFS(PLANNING!$I:$I,RIGHT($B$8,14),PLANNING!$Q:$Q,T$5) -> 15 | U16: =COUNTIFS(PLANNING!$I:$I,LEFT($B$8,4),PLANNING!$Q:$Q,U$5)+COUNTIFS(PLANNING!$I:$I,RIGHT($B$8,14),PLANNING!$Q:$Q,U$5) -> 54 | ... W16: =COUNTIFS(PLANNING!$I:$I,LEFT($B$8,4),PLANNING!$Q:$Q,W$5)+COUNTIFS(PLANNING!$I:$I,RIGHT($B$8,14),PLANNING!$Q:$Q,W$5) -> 14
A17: MERCREDI | B17: TEMARA | C17: =COUNTIFS(PLANNING!$I:$I,$B17,PLANNING!$P:$P,C$5) -> 0 | D17: =COUNTIFS(PLANNING!$I:$I,$B17,PLANNING!$P:$P,D$5) -> 0 | E17: =COUNTIFS(PLANNING!$I:$I,$B17,PLANNING!$P:$P,E$5) -> 14 | F17: =COUNTIFS(PLANNING!$I:$I,$B17,PLANNING!$P:$P,F$5) -> 20 | G17: =COUNTIFS(PLANNING!$I:$I,$B17,PLANNING!$P:$P,G$5) -> 0 | H17: =COUNTIFS(PLANNING!$I:$I,$B17,PLANNING!$P:$P,H$5) -> 0 | I17: =COUNTIFS(PLANNING!$I:$I,$B17,PLANNING!$P:$P,I$5) -> 0 | J17: =COUNTIFS(PLANNING!$I:$I,$B17,PLANNING!$P:$P,J$5) -> 0 | L17: MERCREDI | M17: TEMARA | N17: =COUNTIFS(PLANNING!$I:$I,$B17,PLANNING!$Q:$Q,N$5) -> 0 | O17: =COUNTIFS(PLANNING!$I:$I,$B17,PLANNING!$Q:$Q,O$5) -> 0 | P17: =COUNTIFS(PLANNING!$I:$I,$B17,PLANNING!$Q:$Q,P$5) -> 0 | Q17: =COUNTIFS(PLANNING!$I:$I,$B17,PLANNING!$Q:$Q,Q$5) -> 0 | R17: =COUNTIFS(PLANNING!$I:$I,$B17,PLANNING!$Q:$Q,R$5) -> 0 | S17: =COUNTIFS(PLANNING!$I:$I,$B17,PLANNING!$Q:$Q,S$5) -> 6 | T17: =COUNTIFS(PLANNING!$I:$I,$B17,PLANNING!$Q:$Q,T$5) -> 11 | U17: =COUNTIFS(PLANNING!$I:$I,$B17,PLANNING!$Q:$Q,U$5) -> 17 | ... W17: =COUNTIFS(PLANNING!$I:$I,$B17,PLANNING!$Q:$Q,W$5) -> 0
A18: JEUDI | B18: KENITRA | C18: =COUNTIFS(PLANNING!$I:$I,$B18,PLANNING!$R:$R,C$5) -> 0 | D18: =COUNTIFS(PLANNING!$I:$I,$B18,PLANNING!$R:$R,D$5) -> 0 | E18: =COUNTIFS(PLANNING!$I:$I,$B18,PLANNING!$R:$R,E$5) -> 16 | F18: =COUNTIFS(PLANNING!$I:$I,$B18,PLANNING!$R:$R,F$5) -> 27 | G18: =COUNTIFS(PLANNING!$I:$I,$B18,PLANNING!$R:$R,G$5) -> 0 | H18: =COUNTIFS(PLANNING!$I:$I,$B18,PLANNING!$R:$R,H$5) -> 0 | I18: =COUNTIFS(PLANNING!$I:$I,$B18,PLANNING!$R:$R,I$5) -> 0 | J18: =COUNTIFS(PLANNING!$I:$I,$B18,PLANNING!$R:$R,J$5) -> 0 | L18: JEUDI | M18: KENITRA | N18: =COUNTIFS(PLANNING!$I:$I,$B18,PLANNING!$S:$S,N$5) -> 0 | O18: =COUNTIFS(PLANNING!$I:$I,$B18,PLANNING!$S:$S,O$5) -> 0 | P18: =COUNTIFS(PLANNING!$I:$I,$B18,PLANNING!$S:$S,P$5) -> 0 | Q18: =COUNTIFS(PLANNING!$I:$I,$B18,PLANNING!$S:$S,Q$5) -> 0 | R18: =COUNTIFS(PLANNING!$I:$I,$B18,PLANNING!$S:$S,R$5) -> 0 | S18: =COUNTIFS(PLANNING!$I:$I,$B18,PLANNING!$S:$S,S$5) -> 6 | T18: =COUNTIFS(PLANNING!$I:$I,$B18,PLANNING!$S:$S,T$5) -> 15 | U18: =COUNTIFS(PLANNING!$I:$I,$B18,PLANNING!$S:$S,U$5) -> 22 | ... W18: =COUNTIFS(PLANNING!$I:$I,$B18,PLANNING!$S:$S,W$5) -> 0
A19: JEUDI | B19: RABAT | C19: =COUNTIFS(PLANNING!$I:$I,$B19,PLANNING!$R:$R,C$5) -> 0 | D19: =COUNTIFS(PLANNING!$I:$I,$B19,PLANNING!$R:$R,D$5) -> 0 | E19: =COUNTIFS(PLANNING!$I:$I,$B19,PLANNING!$R:$R,E$5) -> 13 | F19: =COUNTIFS(PLANNING!$I:$I,$B19,PLANNING!$R:$R,F$5) -> 20 | G19: =COUNTIFS(PLANNING!$I:$I,$B19,PLANNING!$R:$R,G$5) -> 0 | H19: =COUNTIFS(PLANNING!$I:$I,$B19,PLANNING!$R:$R,H$5) -> 0 | I19: =COUNTIFS(PLANNING!$I:$I,$B19,PLANNING!$R:$R,I$5) -> 0 | J19: =COUNTIFS(PLANNING!$I:$I,$B19,PLANNING!$R:$R,J$5) -> 0 | L19: JEUDI | M19: RABAT | N19: =COUNTIFS(PLANNING!$I:$I,$B19,PLANNING!$S:$S,N$5) -> 0 | O19: =COUNTIFS(PLANNING!$I:$I,$B19,PLANNING!$S:$S,O$5) -> 0 | P19: =COUNTIFS(PLANNING!$I:$I,$B19,PLANNING!$S:$S,P$5) -> 0 | Q19: =COUNTIFS(PLANNING!$I:$I,$B19,PLANNING!$S:$S,Q$5) -> 0 | R19: =COUNTIFS(PLANNING!$I:$I,$B19,PLANNING!$S:$S,R$5) -> 0 | S19: =COUNTIFS(PLANNING!$I:$I,$B19,PLANNING!$S:$S,S$5) -> 2 | T19: =COUNTIFS(PLANNING!$I:$I,$B19,PLANNING!$S:$S,T$5) -> 16 | U19: =COUNTIFS(PLANNING!$I:$I,$B19,PLANNING!$S:$S,U$5) -> 15 | ... W19: =COUNTIFS(PLANNING!$I:$I,$B19,PLANNING!$S:$S,W$5) -> 0
A20: JEUDI | B20: SALE SALA AL JADIDA | C20: =COUNTIFS(PLANNING!$I:$I,LEFT($B$8,4),PLANNING!$R:$R,C$5)+COUNTIFS(PLANNING!$I:$I,RIGHT($B$8,14),PLANNING!$R:$R,C$5) -> 0 | D20: =COUNTIFS(PLANNING!$I:$I,LEFT($B$8,4),PLANNING!$R:$R,D$5)+COUNTIFS(PLANNING!$I:$I,RIGHT($B$8,14),PLANNING!$R:$R,D$5) -> 0 | E20: =COUNTIFS(PLANNING!$I:$I,LEFT($B$8,4),PLANNING!$R:$R,E$5)+COUNTIFS(PLANNING!$I:$I,RIGHT($B$8,14),PLANNING!$R:$R,E$5) -> 35 | F20: =COUNTIFS(PLANNING!$I:$I,LEFT($B$8,4),PLANNING!$R:$R,F$5)+COUNTIFS(PLANNING!$I:$I,RIGHT($B$8,14),PLANNING!$R:$R,F$5) -> 49 | G20: =COUNTIFS(PLANNING!$I:$I,LEFT($B$8,4),PLANNING!$R:$R,G$5)+COUNTIFS(PLANNING!$I:$I,RIGHT($B$8,14),PLANNING!$R:$R,G$5) -> 18 | H20: =COUNTIFS(PLANNING!$I:$I,LEFT($B$8,4),PLANNING!$R:$R,H$5)+COUNTIFS(PLANNING!$I:$I,RIGHT($B$8,14),PLANNING!$R:$R,H$5) -> 15 | I20: =COUNTIFS(PLANNING!$I:$I,LEFT($B$8,4),PLANNING!$R:$R,I$5)+COUNTIFS(PLANNING!$I:$I,RIGHT($B$8,14),PLANNING!$R:$R,I$5) -> 0 | J20: =COUNTIFS(PLANNING!$I:$I,LEFT($B$8,4),PLANNING!$R:$R,J$5)+COUNTIFS(PLANNING!$I:$I,RIGHT($B$8,14),PLANNING!$R:$R,J$5) -> 0 | L20: JEUDI | M20: SALE SALA AL JADIDA | N20: =COUNTIFS(PLANNING!$I:$I,LEFT($B$8,4),PLANNING!$S:$S,N$5)+COUNTIFS(PLANNING!$I:$I,RIGHT($B$8,14),PLANNING!$S:$S,N$5) -> 0 | O20: =COUNTIFS(PLANNING!$I:$I,LEFT($B$8,4),PLANNING!$S:$S,O$5)+COUNTIFS(PLANNING!$I:$I,RIGHT($B$8,14),PLANNING!$S:$S,O$5) -> 0 | P20: =COUNTIFS(PLANNING!$I:$I,LEFT($B$8,4),PLANNING!$S:$S,P$5)+COUNTIFS(PLANNING!$I:$I,RIGHT($B$8,14),PLANNING!$S:$S,P$5) -> 0 | Q20: =COUNTIFS(PLANNING!$I:$I,LEFT($B$8,4),PLANNING!$S:$S,Q$5)+COUNTIFS(PLANNING!$I:$I,RIGHT($B$8,14),PLANNING!$S:$S,Q$5) -> 0 | R20: =COUNTIFS(PLANNING!$I:$I,LEFT($B$8,4),PLANNING!$S:$S,R$5)+COUNTIFS(PLANNING!$I:$I,RIGHT($B$8,14),PLANNING!$S:$S,R$5) -> 0 | S20: =COUNTIFS(PLANNING!$I:$I,LEFT($B$8,4),PLANNING!$S:$S,S$5)+COUNTIFS(PLANNING!$I:$I,RIGHT($B$8,14),PLANNING!$S:$S,S$5) -> 19 | T20: =COUNTIFS(PLANNING!$I:$I,LEFT($B$8,4),PLANNING!$S:$S,T$5)+COUNTIFS(PLANNING!$I:$I,RIGHT($B$8,14),PLANNING!$S:$S,T$5) -> 20 | U20: =COUNTIFS(PLANNING!$I:$I,LEFT($B$8,4),PLANNING!$S:$S,U$5)+COUNTIFS(PLANNING!$I:$I,RIGHT($B$8,14),PLANNING!$S:$S,U$5) -> 49 | ... W20: =COUNTIFS(PLANNING!$I:$I,LEFT($B$8,4),PLANNING!$S:$S,W$5)+COUNTIFS(PLANNING!$I:$I,RIGHT($B$8,14),PLANNING!$S:$S,W$5) -> 15
A21: JEUDI | B21: TEMARA | C21: =COUNTIFS(PLANNING!$I:$I,$B21,PLANNING!$R:$R,C$5) -> 0 | D21: =COUNTIFS(PLANNING!$I:$I,$B21,PLANNING!$R:$R,D$5) -> 0 | E21: =COUNTIFS(PLANNING!$I:$I,$B21,PLANNING!$R:$R,E$5) -> 14 | F21: =COUNTIFS(PLANNING!$I:$I,$B21,PLANNING!$R:$R,F$5) -> 22 | G21: =COUNTIFS(PLANNING!$I:$I,$B21,PLANNING!$R:$R,G$5) -> 0 | H21: =COUNTIFS(PLANNING!$I:$I,$B21,PLANNING!$R:$R,H$5) -> 0 | I21: =COUNTIFS(PLANNING!$I:$I,$B21,PLANNING!$R:$R,I$5) -> 0 | J21: =COUNTIFS(PLANNING!$I:$I,$B21,PLANNING!$R:$R,J$5) -> 0 | L21: JEUDI | M21: TEMARA | N21: =COUNTIFS(PLANNING!$I:$I,$B21,PLANNING!$S:$S,N$5) -> 0 | O21: =COUNTIFS(PLANNING!$I:$I,$B21,PLANNING!$S:$S,O$5) -> 0 | P21: =COUNTIFS(PLANNING!$I:$I,$B21,PLANNING!$S:$S,P$5) -> 0 | Q21: =COUNTIFS(PLANNING!$I:$I,$B21,PLANNING!$S:$S,Q$5) -> 0 | R21: =COUNTIFS(PLANNING!$I:$I,$B21,PLANNING!$S:$S,R$5) -> 0 | S21: =COUNTIFS(PLANNING!$I:$I,$B21,PLANNING!$S:$S,S$5) -> 6 | T21: =COUNTIFS(PLANNING!$I:$I,$B21,PLANNING!$S:$S,T$5) -> 11 | U21: =COUNTIFS(PLANNING!$I:$I,$B21,PLANNING!$S:$S,U$5) -> 19 | ... W21: =COUNTIFS(PLANNING!$I:$I,$B21,PLANNING!$S:$S,W$5) -> 0
A22: VENDREDI | B22: KENITRA | C22: =COUNTIFS(PLANNING!$I:$I,$B22,PLANNING!$T:$T,C$5) -> 0 | D22: =COUNTIFS(PLANNING!$I:$I,$B22,PLANNING!$T:$T,D$5) -> 0 | E22: =COUNTIFS(PLANNING!$I:$I,$B22,PLANNING!$T:$T,E$5) -> 16 | F22: =COUNTIFS(PLANNING!$I:$I,$B22,PLANNING!$T:$T,F$5) -> 19 | G22: =COUNTIFS(PLANNING!$I:$I,$B22,PLANNING!$T:$T,G$5) -> 5 | H22: =COUNTIFS(PLANNING!$I:$I,$B22,PLANNING!$T:$T,H$5) -> 5 | I22: =COUNTIFS(PLANNING!$I:$I,$B22,PLANNING!$T:$T,I$5) -> 0 | J22: =COUNTIFS(PLANNING!$I:$I,$B22,PLANNING!$T:$T,J$5) -> 0 | L22: VENDREDI | M22: KENITRA | N22: =COUNTIFS(PLANNING!$I:$I,$B22,PLANNING!$U:$U,N$5) -> 0 | O22: =COUNTIFS(PLANNING!$I:$I,$B22,PLANNING!$U:$U,O$5) -> 0 | P22: =COUNTIFS(PLANNING!$I:$I,$B22,PLANNING!$U:$U,P$5) -> 0 | Q22: =COUNTIFS(PLANNING!$I:$I,$B22,PLANNING!$U:$U,Q$5) -> 0 | R22: =COUNTIFS(PLANNING!$I:$I,$B22,PLANNING!$U:$U,R$5) -> 0 | S22: =COUNTIFS(PLANNING!$I:$I,$B22,PLANNING!$U:$U,S$5) -> 8 | T22: =COUNTIFS(PLANNING!$I:$I,$B22,PLANNING!$U:$U,T$5) -> 21 | U22: =COUNTIFS(PLANNING!$I:$I,$B22,PLANNING!$U:$U,U$5) -> 11 | ... W22: =COUNTIFS(PLANNING!$I:$I,$B22,PLANNING!$U:$U,W$5) -> 5
A23: VENDREDI | B23: RABAT | C23: =COUNTIFS(PLANNING!$I:$I,$B23,PLANNING!$T:$T,C$5) -> 0 | D23: =COUNTIFS(PLANNING!$I:$I,$B23,PLANNING!$T:$T,D$5) -> 0 | E23: =COUNTIFS(PLANNING!$I:$I,$B23,PLANNING!$T:$T,E$5) -> 16 | F23: =COUNTIFS(PLANNING!$I:$I,$B23,PLANNING!$T:$T,F$5) -> 20 | G23: =COUNTIFS(PLANNING!$I:$I,$B23,PLANNING!$T:$T,G$5) -> 0 | H23: =COUNTIFS(PLANNING!$I:$I,$B23,PLANNING!$T:$T,H$5) -> 0 | I23: =COUNTIFS(PLANNING!$I:$I,$B23,PLANNING!$T:$T,I$5) -> 0 | J23: =COUNTIFS(PLANNING!$I:$I,$B23,PLANNING!$T:$T,J$5) -> 0 | L23: VENDREDI | M23: RABAT | N23: =COUNTIFS(PLANNING!$I:$I,$B23,PLANNING!$U:$U,N$5) -> 0 | O23: =COUNTIFS(PLANNING!$I:$I,$B23,PLANNING!$V:$V,O$5) -> 0 | P23: =COUNTIFS(PLANNING!$I:$I,$B23,PLANNING!$U:$U,P$5) -> 0 | Q23: =COUNTIFS(PLANNING!$I:$I,$B23,PLANNING!$U:$U,Q$5) -> 0 | R23: =COUNTIFS(PLANNING!$I:$I,$B23,PLANNING!$U:$U,R$5) -> 0 | S23: =COUNTIFS(PLANNING!$I:$I,$B23,PLANNING!$U:$U,S$5) -> 7 | T23: =COUNTIFS(PLANNING!$I:$I,$B23,PLANNING!$U:$U,T$5) -> 22 | U23: =COUNTIFS(PLANNING!$I:$I,$B23,PLANNING!$U:$U,U$5) -> 7 | V23: =COUNTIFS(PLANNING!$I:$I,$B23,PLANNING!$U:$U,V$5) -> 0 | W23: =COUNTIFS(PLANNING!$I:$I,$B23,PLANNING!$U:$U,W$5) -> 0
A24: VENDREDI | B24: SALE SALA AL JADIDA | C24: =COUNTIFS(PLANNING!$I:$I,LEFT($B$8,4),PLANNING!$T:$T,C$5)+COUNTIFS(PLANNING!$I:$I,RIGHT($B$8,14),PLANNING!$T:$T,C$5) -> 0 | D24: =COUNTIFS(PLANNING!$I:$I,LEFT($B$8,4),PLANNING!$T:$T,D$5)+COUNTIFS(PLANNING!$I:$I,RIGHT($B$8,14),PLANNING!$T:$T,D$5) -> 0 | E24: =COUNTIFS(PLANNING!$I:$I,LEFT($B$8,4),PLANNING!$T:$T,E$5)+COUNTIFS(PLANNING!$I:$I,RIGHT($B$8,14),PLANNING!$T:$T,E$5) -> 39 | F24: =COUNTIFS(PLANNING!$I:$I,LEFT($B$8,4),PLANNING!$T:$T,F$5)+COUNTIFS(PLANNING!$I:$I,RIGHT($B$8,14),PLANNING!$T:$T,F$5) -> 48 | G24: =COUNTIFS(PLANNING!$I:$I,LEFT($B$8,4),PLANNING!$T:$T,G$5)+COUNTIFS(PLANNING!$I:$I,RIGHT($B$8,14),PLANNING!$T:$T,G$5) -> 12 | H24: =COUNTIFS(PLANNING!$I:$I,LEFT($B$8,4),PLANNING!$T:$T,H$5)+COUNTIFS(PLANNING!$I:$I,RIGHT($B$8,14),PLANNING!$T:$T,H$5) -> 14 | I24: =COUNTIFS(PLANNING!$I:$I,LEFT($B$8,4),PLANNING!$T:$T,I$5)+COUNTIFS(PLANNING!$I:$I,RIGHT($B$8,14),PLANNING!$T:$T,I$5) -> 8 | J24: =COUNTIFS(PLANNING!$I:$I,LEFT($B$8,4),PLANNING!$T:$T,J$5)+COUNTIFS(PLANNING!$I:$I,RIGHT($B$8,14),PLANNING!$T:$T,J$5) -> 0 | L24: VENDREDI | M24: SALE SALA AL JADIDA | N24: =COUNTIFS(PLANNING!$I:$I,LEFT($B$24,4),PLANNING!$U:$U,N$5)+COUNTIFS(PLANNING!$I:$I,RIGHT($B$8,14),PLANNING!$U:$U,N$5) -> 0 | O24: =COUNTIFS(PLANNING!$I:$I,LEFT($B$8,4),PLANNING!$V:$V,O$5)+COUNTIFS(PLANNING!$I:$I,RIGHT($B$8,14),PLANNING!$V:$V,O$5) -> 0 | P24: =COUNTIFS(PLANNING!$I:$I,LEFT($B$8,4),PLANNING!$U:$U,P$5)+COUNTIFS(PLANNING!$I:$I,RIGHT($B$8,14),PLANNING!$U:$U,P$5) -> 0 | Q24: =COUNTIFS(PLANNING!$I:$I,LEFT($B$8,4),PLANNING!$U:$U,Q$5)+COUNTIFS(PLANNING!$I:$I,RIGHT($B$8,14),PLANNING!$U:$U,Q$5) -> 0 | R24: =COUNTIFS(PLANNING!$I:$I,LEFT($B$8,4),PLANNING!$U:$U,R$5)+COUNTIFS(PLANNING!$I:$I,RIGHT($B$8,14),PLANNING!$U:$U,R$5) -> 0 | S24: =COUNTIFS(PLANNING!$I:$I,LEFT($B$8,4),PLANNING!$U:$U,S$5)+COUNTIFS(PLANNING!$I:$I,RIGHT($B$8,14),PLANNING!$U:$U,S$5) -> 24 | T24: =COUNTIFS(PLANNING!$I:$I,LEFT($B$8,4),PLANNING!$U:$U,T$5)+COUNTIFS(PLANNING!$I:$I,RIGHT($B$8,14),PLANNING!$U:$U,T$5) -> 41 | U24: =COUNTIFS(PLANNING!$I:$I,LEFT($B$8,4),PLANNING!$U:$U,U$5)+COUNTIFS(PLANNING!$I:$I,RIGHT($B$8,14),PLANNING!$U:$U,U$5) -> 29 | V24: =COUNTIFS(PLANNING!$I:$I,LEFT($B$8,4),PLANNING!$U:$U,V$5)+COUNTIFS(PLANNING!$I:$I,RIGHT($B$8,14),PLANNING!$U:$U,V$5) -> 16 | W24: =COUNTIFS(PLANNING!$I:$I,LEFT($B$8,4),PLANNING!$U:$U,W$5)+COUNTIFS(PLANNING!$I:$I,RIGHT($B$8,14),PLANNING!$U:$U,W$5) -> 11
A25: VENDREDI | B25: TEMARA | C25: =COUNTIFS(PLANNING!$I:$I,$B25,PLANNING!$T:$T,C$5) -> 0 | D25: =COUNTIFS(PLANNING!$I:$I,$B25,PLANNING!$T:$T,D$5) -> 0 | E25: =COUNTIFS(PLANNING!$I:$I,$B25,PLANNING!$T:$T,E$5) -> 11 | F25: =COUNTIFS(PLANNING!$I:$I,$B25,PLANNING!$T:$T,F$5) -> 25 | G25: =COUNTIFS(PLANNING!$I:$I,$B25,PLANNING!$T:$T,G$5) -> 0 | H25: =COUNTIFS(PLANNING!$I:$I,$B25,PLANNING!$T:$T,H$5) -> 0 | I25: =COUNTIFS(PLANNING!$I:$I,$B25,PLANNING!$T:$T,I$5) -> 0 | J25: =COUNTIFS(PLANNING!$I:$I,$B25,PLANNING!$T:$T,J$5) -> 0 | L25: VENDREDI | M25: TEMARA | N25: =COUNTIFS(PLANNING!$I:$I,$B25,PLANNING!$U:$U,N$5) -> 0 | O25: =COUNTIFS(PLANNING!$I:$I,$B25,PLANNING!$V:$V,O$5) -> 0 | P25: =COUNTIFS(PLANNING!$I:$I,$B25,PLANNING!$U:$U,P$5) -> 0 | Q25: =COUNTIFS(PLANNING!$I:$I,$B25,PLANNING!$U:$U,Q$5) -> 0 | R25: =COUNTIFS(PLANNING!$I:$I,$B25,PLANNING!$U:$U,R$5) -> 0 | S25: =COUNTIFS(PLANNING!$I:$I,$B25,PLANNING!$U:$U,S$5) -> 6 | T25: =COUNTIFS(PLANNING!$I:$I,$B25,PLANNING!$U:$U,T$5) -> 18 | U25: =COUNTIFS(PLANNING!$I:$I,$B25,PLANNING!$U:$U,U$5) -> 12 | V25: =COUNTIFS(PLANNING!$I:$I,$B25,PLANNING!$U:$U,V$5) -> 0 | W25: =COUNTIFS(PLANNING!$I:$I,$B25,PLANNING!$U:$U,W$5) -> 0
A26: SAMEDI | B26: KENITRA | C26: =COUNTIFS(PLANNING!$I:$I,$B26,PLANNING!$V:$V,C$5) -> 0 | D26: =COUNTIFS(PLANNING!$I:$I,$B26,PLANNING!$V:$V,D$5) -> 0 | E26: =COUNTIFS(PLANNING!$I:$I,$B26,PLANNING!$V:$V,E$5) -> 20 | F26: =COUNTIFS(PLANNING!$I:$I,$B26,PLANNING!$V:$V,F$5) -> 0 | G26: =COUNTIFS(PLANNING!$I:$I,$B26,PLANNING!$V:$V,G$5) -> 0 | H26: =COUNTIFS(PLANNING!$I:$I,$B26,PLANNING!$V:$V,H$5) -> 5 | I26: =COUNTIFS(PLANNING!$I:$I,$B26,PLANNING!$V:$V,I$5) -> 0 | J26: =COUNTIFS(PLANNING!$I:$I,$B26,PLANNING!$V:$V,J$5) -> 0 | L26: SAMEDI | M26: KENITRA | N26: =COUNTIFS(PLANNING!$I:$I,$B26,PLANNING!$W:$W,N$5) -> 4 | O26: =COUNTIFS(PLANNING!$I:$I,$B26,PLANNING!$W:$W,O$5) -> 0 | P26: =COUNTIFS(PLANNING!$I:$I,$B26,PLANNING!$W:$W,P$5) -> 5 | Q26: =COUNTIFS(PLANNING!$I:$I,$B26,PLANNING!$W:$W,Q$5) -> 0 | R26: =COUNTIFS(PLANNING!$I:$I,$B26,PLANNING!$W:$W,R$5) -> 0 | S26: =COUNTIFS(PLANNING!$I:$I,$B26,PLANNING!$W:$W,S$5) -> 11 | T26: =COUNTIFS(PLANNING!$I:$I,$B26,PLANNING!$W:$W,T$5) -> 0 | U26: =COUNTIFS(PLANNING!$I:$I,$B26,PLANNING!$W:$W,U$5) -> 0 | ... W26: =COUNTIFS(PLANNING!$I:$I,$B26,PLANNING!$W:$W,W$5) -> 5
A27: SAMEDI | B27: RABAT | C27: =COUNTIFS(PLANNING!$I:$I,$B27,PLANNING!$V:$V,C$5) -> 0 | D27: =COUNTIFS(PLANNING!$I:$I,$B27,PLANNING!$V:$V,D$5) -> 0 | E27: =COUNTIFS(PLANNING!$I:$I,$B27,PLANNING!$V:$V,E$5) -> 15 | F27: =COUNTIFS(PLANNING!$I:$I,$B27,PLANNING!$V:$V,F$5) -> 0 | G27: =COUNTIFS(PLANNING!$I:$I,$B27,PLANNING!$V:$V,G$5) -> 0 | H27: =COUNTIFS(PLANNING!$I:$I,$B27,PLANNING!$V:$V,H$5) -> 0 | I27: =COUNTIFS(PLANNING!$I:$I,$B27,PLANNING!$V:$V,I$5) -> 0 | J27: =COUNTIFS(PLANNING!$I:$I,$B27,PLANNING!$V:$V,J$5) -> 0 | L27: SAMEDI | M27: RABAT | N27: =COUNTIFS(PLANNING!$I:$I,$B27,PLANNING!$W:$W,N$5) -> 2 | O27: =COUNTIFS(PLANNING!$I:$I,$B27,PLANNING!$W:$W,O$5) -> 0 | P27: =COUNTIFS(PLANNING!$I:$I,$B27,PLANNING!$W:$W,P$5) -> 6 | Q27: =COUNTIFS(PLANNING!$I:$I,$B27,PLANNING!$W:$W,Q$5) -> 0 | R27: =COUNTIFS(PLANNING!$I:$I,$B27,PLANNING!$W:$W,R$5) -> 0 | S27: =COUNTIFS(PLANNING!$I:$I,$B27,PLANNING!$W:$W,S$5) -> 7 | T27: =COUNTIFS(PLANNING!$I:$I,$B27,PLANNING!$W:$W,T$5) -> 0 | U27: =COUNTIFS(PLANNING!$I:$I,$B27,PLANNING!$W:$W,U$5) -> 0 | ... W27: =COUNTIFS(PLANNING!$I:$I,$B27,PLANNING!$W:$W,W$5) -> 0
A28: SAMEDI | B28: SALE SALA AL JADIDA | C28: =COUNTIFS(PLANNING!$I:$I,LEFT($B$8,4),PLANNING!$V:$V,C$5)+COUNTIFS(PLANNING!$I:$I,RIGHT($B$8,14),PLANNING!$V:$V,C$5) -> 0 | D28: =COUNTIFS(PLANNING!$I:$I,LEFT($B$8,4),PLANNING!$V:$V,D$5)+COUNTIFS(PLANNING!$I:$I,RIGHT($B$8,14),PLANNING!$V:$V,D$5) -> 0 | E28: =COUNTIFS(PLANNING!$I:$I,LEFT($B$8,4),PLANNING!$V:$V,E$5)+COUNTIFS(PLANNING!$I:$I,RIGHT($B$8,14),PLANNING!$V:$V,E$5) -> 42 | F28: =COUNTIFS(PLANNING!$I:$I,LEFT($B$8,4),PLANNING!$V:$V,F$5)+COUNTIFS(PLANNING!$I:$I,RIGHT($B$8,14),PLANNING!$V:$V,F$5) -> 17 | G28: =COUNTIFS(PLANNING!$I:$I,LEFT($B$8,4),PLANNING!$V:$V,G$5)+COUNTIFS(PLANNING!$I:$I,RIGHT($B$8,14),PLANNING!$V:$V,G$5) -> 0 | H28: =COUNTIFS(PLANNING!$I:$I,LEFT($B$8,4),PLANNING!$V:$V,H$5)+COUNTIFS(PLANNING!$I:$I,RIGHT($B$8,14),PLANNING!$V:$V,H$5) -> 5 | I28: =COUNTIFS(PLANNING!$I:$I,LEFT($B$8,4),PLANNING!$V:$V,I$5)+COUNTIFS(PLANNING!$I:$I,RIGHT($B$8,14),PLANNING!$V:$V,I$5) -> 0 | J28: =COUNTIFS(PLANNING!$I:$I,LEFT($B$8,4),PLANNING!$V:$V,J$5)+COUNTIFS(PLANNING!$I:$I,RIGHT($B$8,14),PLANNING!$V:$V,J$5) -> 0 | L28: SAMEDI | M28: SALE SALA AL JADIDA | N28: =COUNTIFS(PLANNING!$I:$I,LEFT($B$8,4),PLANNING!$W:$W,N$5)+COUNTIFS(PLANNING!$I:$I,RIGHT($B$8,14),PLANNING!$W:$W,N$5) -> 15 | O28: =COUNTIFS(PLANNING!$I:$I,LEFT($B$8,4),PLANNING!$W:$W,O$5)+COUNTIFS(PLANNING!$I:$I,RIGHT($B$8,14),PLANNING!$W:$W,O$5) -> 0 | P28: =COUNTIFS(PLANNING!$I:$I,LEFT($B$8,4),PLANNING!$W:$W,P$5)+COUNTIFS(PLANNING!$I:$I,RIGHT($B$8,14),PLANNING!$W:$W,P$5) -> 16 | Q28: =COUNTIFS(PLANNING!$I:$I,LEFT($B$8,4),PLANNING!$W:$W,Q$5)+COUNTIFS(PLANNING!$I:$I,RIGHT($B$8,14),PLANNING!$W:$W,Q$5) -> 0 | R28: =COUNTIFS(PLANNING!$I:$I,LEFT($B$8,4),PLANNING!$W:$W,R$5)+COUNTIFS(PLANNING!$I:$I,RIGHT($B$8,14),PLANNING!$W:$W,R$5) -> 0 | S28: =COUNTIFS(PLANNING!$I:$I,LEFT($B$8,4),PLANNING!$W:$W,S$5)+COUNTIFS(PLANNING!$I:$I,RIGHT($B$8,14),PLANNING!$W:$W,S$5) -> 10 | T28: =COUNTIFS(PLANNING!$I:$I,LEFT($B$8,4),PLANNING!$W:$W,T$5)+COUNTIFS(PLANNING!$I:$I,RIGHT($B$8,14),PLANNING!$W:$W,T$5) -> 10 | U28: =COUNTIFS(PLANNING!$I:$I,LEFT($B$8,4),PLANNING!$W:$W,U$5)+COUNTIFS(PLANNING!$I:$I,RIGHT($B$8,14),PLANNING!$W:$W,U$5) -> 8 | ... W28: =COUNTIFS(PLANNING!$I:$I,LEFT($B$8,4),PLANNING!$W:$W,W$5)+COUNTIFS(PLANNING!$I:$I,RIGHT($B$8,14),PLANNING!$W:$W,W$5) -> 5
A29: SAMEDI | B29: TEMARA | C29: =COUNTIFS(PLANNING!$I:$I,$B29,PLANNING!$V:$V,C$5) -> 0 | D29: =COUNTIFS(PLANNING!$I:$I,$B29,PLANNING!$V:$V,D$5) -> 0 | E29: =COUNTIFS(PLANNING!$I:$I,$B29,PLANNING!$V:$V,E$5) -> 19 | F29: =COUNTIFS(PLANNING!$I:$I,$B29,PLANNING!$V:$V,F$5) -> 5 | G29: =COUNTIFS(PLANNING!$I:$I,$B29,PLANNING!$V:$V,G$5) -> 0 | H29: =COUNTIFS(PLANNING!$I:$I,$B29,PLANNING!$V:$V,H$5) -> 0 | I29: =COUNTIFS(PLANNING!$I:$I,$B29,PLANNING!$V:$V,I$5) -> 0 | J29: =COUNTIFS(PLANNING!$I:$I,$B29,PLANNING!$V:$V,J$5) -> 0 | L29: SAMEDI | M29: TEMARA | N29: =COUNTIFS(PLANNING!$I:$I,$B29,PLANNING!$W:$W,N$5) -> 5 | O29: =COUNTIFS(PLANNING!$I:$I,$B29,PLANNING!$W:$W,O$5) -> 0 | P29: =COUNTIFS(PLANNING!$I:$I,$B29,PLANNING!$W:$W,P$5) -> 14 | Q29: =COUNTIFS(PLANNING!$I:$I,$B29,PLANNING!$W:$W,Q$5) -> 0 | R29: =COUNTIFS(PLANNING!$I:$I,$B29,PLANNING!$W:$W,R$5) -> 0 | S29: =COUNTIFS(PLANNING!$I:$I,$B29,PLANNING!$W:$W,S$5) -> 0 | T29: =COUNTIFS(PLANNING!$I:$I,$B29,PLANNING!$W:$W,T$5) -> 5 | U29: =COUNTIFS(PLANNING!$I:$I,$B29,PLANNING!$W:$W,U$5) -> 0 | ... W29: =COUNTIFS(PLANNING!$I:$I,$B29,PLANNING!$W:$W,W$5) -> 0
A30: DIMANCHE | B30: KENITRA | C30: =COUNTIFS(PLANNING!$I:$I,$B30,PLANNING!$X:$X,C$5) -> 0 | D30: =COUNTIFS(PLANNING!$I:$I,$B30,PLANNING!$X:$X,D$5) -> 0 | E30: =COUNTIFS(PLANNING!$I:$I,$B30,PLANNING!$X:$X,E$5) -> 0 | F30: =COUNTIFS(PLANNING!$I:$I,$B30,PLANNING!$X:$X,F$5) -> 0 | G30: =COUNTIFS(PLANNING!$I:$I,$B30,PLANNING!$X:$X,G$5) -> 0 | H30: =COUNTIFS(PLANNING!$I:$I,$B30,PLANNING!$X:$X,H$5) -> 0 | I30: =COUNTIFS(PLANNING!$I:$I,$B30,PLANNING!$X:$X,I$5) -> 0 | J30: =COUNTIFS(PLANNING!$I:$I,$B30,PLANNING!$X:$X,J$5) -> 0 | L30: DIMANCHE | M30: KENITRA | N30: =COUNTIFS(PLANNING!$I:$I,$B30,PLANNING!$Y:$Y,N$5) -> 0 | O30: =COUNTIFS(PLANNING!$I:$I,$B30,PLANNING!$Y:$Y,O$5) -> 0 | P30: =COUNTIFS(PLANNING!$I:$I,$B30,PLANNING!$Y:$Y,P$5) -> 0 | Q30: =COUNTIFS(PLANNING!$I:$I,$B30,PLANNING!$Y:$Y,Q$5) -> 0 | R30: =COUNTIFS(PLANNING!$I:$I,$B30,PLANNING!$Y:$Y,R$5) -> 0 | S30: =COUNTIFS(PLANNING!$I:$I,$B30,PLANNING!$Y:$Y,S$5) -> 0 | T30: =COUNTIFS(PLANNING!$I:$I,$B30,PLANNING!$Y:$Y,T$5) -> 0 | U30: =COUNTIFS(PLANNING!$I:$I,$B30,PLANNING!$Y:$Y,U$5) -> 0 | ... W30: =COUNTIFS(PLANNING!$I:$I,$B30,PLANNING!$Y:$Y,W$5) -> 0
A31: DIMANCHE | B31: RABAT | C31: =COUNTIFS(PLANNING!$I:$I,$B31,PLANNING!$X:$X,C$5) -> 0 | D31: =COUNTIFS(PLANNING!$I:$I,$B31,PLANNING!$X:$X,D$5) -> 0 | E31: =COUNTIFS(PLANNING!$I:$I,$B31,PLANNING!$X:$X,E$5) -> 0 | F31: =COUNTIFS(PLANNING!$I:$I,$B31,PLANNING!$X:$X,F$5) -> 0 | G31: =COUNTIFS(PLANNING!$I:$I,$B31,PLANNING!$X:$X,G$5) -> 0 | H31: =COUNTIFS(PLANNING!$I:$I,$B31,PLANNING!$X:$X,H$5) -> 0 | I31: =COUNTIFS(PLANNING!$I:$I,$B31,PLANNING!$X:$X,I$5) -> 0 | J31: =COUNTIFS(PLANNING!$I:$I,$B31,PLANNING!$X:$X,J$5) -> 0 | L31: DIMANCHE | M31: RABAT | N31: =COUNTIFS(PLANNING!$I:$I,$B31,PLANNING!$Y:$Y,N$5) -> 0 | O31: =COUNTIFS(PLANNING!$I:$I,$B31,PLANNING!$Y:$Y,O$5) -> 0 | P31: =COUNTIFS(PLANNING!$I:$I,$B31,PLANNING!$Y:$Y,P$5) -> 0 | Q31: =COUNTIFS(PLANNING!$I:$I,$B31,PLANNING!$Y:$Y,Q$5) -> 0 | R31: =COUNTIFS(PLANNING!$I:$I,$B31,PLANNING!$Y:$Y,R$5) -> 0 | S31: =COUNTIFS(PLANNING!$I:$I,$B31,PLANNING!$Y:$Y,S$5) -> 0 | T31: =COUNTIFS(PLANNING!$I:$I,$B31,PLANNING!$Y:$Y,T$5) -> 0 | U31: =COUNTIFS(PLANNING!$I:$I,$B31,PLANNING!$Y:$Y,U$5) -> 0 | ... W31: =COUNTIFS(PLANNING!$I:$I,$B31,PLANNING!$Y:$Y,W$5) -> 0
A32: DIMANCHE | B32: SALE SALA AL JADIDA | C32: =COUNTIFS(PLANNING!$I:$I,LEFT($B$8,4),PLANNING!$X:$X,C$5)+COUNTIFS(PLANNING!$I:$I,RIGHT($B$8,14),PLANNING!$X:$X,C$5) -> 0 | D32: =COUNTIFS(PLANNING!$I:$I,LEFT($B$8,4),PLANNING!$X:$X,D$5)+COUNTIFS(PLANNING!$I:$I,RIGHT($B$8,14),PLANNING!$X:$X,D$5) -> 0 | E32: =COUNTIFS(PLANNING!$I:$I,LEFT($B$8,4),PLANNING!$X:$X,E$5)+COUNTIFS(PLANNING!$I:$I,RIGHT($B$8,14),PLANNING!$X:$X,E$5) -> 0 | F32: =COUNTIFS(PLANNING!$I:$I,LEFT($B$8,4),PLANNING!$X:$X,F$5)+COUNTIFS(PLANNING!$I:$I,RIGHT($B$8,14),PLANNING!$X:$X,F$5) -> 0 | G32: =COUNTIFS(PLANNING!$I:$I,LEFT($B$8,4),PLANNING!$X:$X,G$5)+COUNTIFS(PLANNING!$I:$I,RIGHT($B$8,14),PLANNING!$X:$X,G$5) -> 0 | H32: =COUNTIFS(PLANNING!$I:$I,LEFT($B$8,4),PLANNING!$X:$X,H$5)+COUNTIFS(PLANNING!$I:$I,RIGHT($B$8,14),PLANNING!$X:$X,H$5) -> 0 | I32: =COUNTIFS(PLANNING!$I:$I,LEFT($B$8,4),PLANNING!$X:$X,I$5)+COUNTIFS(PLANNING!$I:$I,RIGHT($B$8,14),PLANNING!$X:$X,I$5) -> 0 | J32: =COUNTIFS(PLANNING!$I:$I,LEFT($B$8,4),PLANNING!$X:$X,J$5)+COUNTIFS(PLANNING!$I:$I,RIGHT($B$8,14),PLANNING!$X:$X,J$5) -> 0 | L32: DIMANCHE | M32: SALE SALA AL JADIDA | N32: =COUNTIFS(PLANNING!$I:$I,LEFT($B$8,4),PLANNING!$Y:$Y,N$5)+COUNTIFS(PLANNING!$I:$I,RIGHT($B$8,14),PLANNING!$Y:$Y,N$5) -> 0 | O32: =COUNTIFS(PLANNING!$I:$I,LEFT($B$8,4),PLANNING!$Y:$Y,O$5)+COUNTIFS(PLANNING!$I:$I,RIGHT($B$8,14),PLANNING!$Y:$Y,O$5) -> 0 | P32: =COUNTIFS(PLANNING!$I:$I,LEFT($B$8,4),PLANNING!$Y:$Y,P$5)+COUNTIFS(PLANNING!$I:$I,RIGHT($B$8,14),PLANNING!$Y:$Y,P$5) -> 0 | Q32: =COUNTIFS(PLANNING!$I:$I,LEFT($B$8,4),PLANNING!$Y:$Y,Q$5)+COUNTIFS(PLANNING!$I:$I,RIGHT($B$8,14),PLANNING!$Y:$Y,Q$5) -> 0 | R32: =COUNTIFS(PLANNING!$I:$I,LEFT($B$8,4),PLANNING!$Y:$Y,R$5)+COUNTIFS(PLANNING!$I:$I,RIGHT($B$8,14),PLANNING!$Y:$Y,R$5) -> 0 | S32: =COUNTIFS(PLANNING!$I:$I,LEFT($B$8,4),PLANNING!$Y:$Y,S$5)+COUNTIFS(PLANNING!$I:$I,RIGHT($B$8,14),PLANNING!$Y:$Y,S$5) -> 0 | T32: =COUNTIFS(PLANNING!$I:$I,LEFT($B$8,4),PLANNING!$Y:$Y,T$5)+COUNTIFS(PLANNING!$I:$I,RIGHT($B$8,14),PLANNING!$Y:$Y,T$5) -> 0 | U32: =COUNTIFS(PLANNING!$I:$I,LEFT($B$8,4),PLANNING!$Y:$Y,U$5)+COUNTIFS(PLANNING!$I:$I,RIGHT($B$8,14),PLANNING!$Y:$Y,U$5) -> 0 | ... W32: =COUNTIFS(PLANNING!$I:$I,LEFT($B$8,4),PLANNING!$Y:$Y,W$5)+COUNTIFS(PLANNING!$I:$I,RIGHT($B$8,14),PLANNING!$Y:$Y,W$5) -> 0
A33: DIMANCHE | B33: TEMARA | C33: =COUNTIFS(PLANNING!$I:$I,$B33,PLANNING!$X:$X,C$5) -> 0 | D33: =COUNTIFS(PLANNING!$I:$I,$B33,PLANNING!$X:$X,D$5) -> 0 | E33: =COUNTIFS(PLANNING!$I:$I,$B33,PLANNING!$X:$X,E$5) -> 0 | F33: =COUNTIFS(PLANNING!$I:$I,$B33,PLANNING!$X:$X,F$5) -> 0 | G33: =COUNTIFS(PLANNING!$I:$I,$B33,PLANNING!$X:$X,G$5) -> 0 | H33: =COUNTIFS(PLANNING!$I:$I,$B33,PLANNING!$X:$X,H$5) -> 0 | I33: =COUNTIFS(PLANNING!$I:$I,$B33,PLANNING!$X:$X,I$5) -> 0 | J33: =COUNTIFS(PLANNING!$I:$I,$B33,PLANNING!$X:$X,J$5) -> 0 | L33: DIMANCHE | M33: TEMARA | N33: =COUNTIFS(PLANNING!$I:$I,$B33,PLANNING!$Y:$Y,N$5) -> 0 | O33: =COUNTIFS(PLANNING!$I:$I,$B33,PLANNING!$Y:$Y,O$5) -> 0 | P33: =COUNTIFS(PLANNING!$I:$I,$B33,PLANNING!$Y:$Y,P$5) -> 0 | Q33: =COUNTIFS(PLANNING!$I:$I,$B33,PLANNING!$Y:$Y,Q$5) -> 0 | R33: =COUNTIFS(PLANNING!$I:$I,$B33,PLANNING!$Y:$Y,R$5) -> 0 | S33: =COUNTIFS(PLANNING!$I:$I,$B33,PLANNING!$Y:$Y,S$5) -> 0 | T33: =COUNTIFS(PLANNING!$I:$I,$B33,PLANNING!$Y:$Y,T$5) -> 0 | U33: =COUNTIFS(PLANNING!$I:$I,$B33,PLANNING!$Y:$Y,U$5) -> 0 | ... W33: =COUNTIFS(PLANNING!$I:$I,$B33,PLANNING!$Y:$Y,W$5) -> 0
